entry,at,order
"The player ""Hossein @ casYoi_zZN"" passed the room ownership to ""Mohammad M @ xHiJmE_Qdf"".",2022-04-28T01:50:12.514Z,165111061251400
"-- ending hand #39 --",2022-04-28T01:42:46.228Z,165111016622803
"""Siamak @ XGXRtKsbbo"" shows a Jâ™ , Aâ™ .",2022-04-28T01:42:46.228Z,165111016622802
"""Mohammad M @ xHiJmE_Qdf"" collected 1500 from pot with Two Pair, K's & 3's (combination: Kâ™¦, Kâ™£, 3â™¦, 3â™¥, Jâ™£)",2022-04-28T01:42:46.228Z,165111016622801
"""Mohammad M @ xHiJmE_Qdf"" shows a 3â™¦, Kâ™¦.",2022-04-28T01:42:46.228Z,165111016622800
"""Mohammad M @ xHiJmE_Qdf"" calls 250",2022-04-28T01:42:45.359Z,165111016535900
"""Shohreh @ UA4oSZwjWd"" folds",2022-04-28T01:42:43.977Z,165111016397700
"""Siamak @ XGXRtKsbbo"" bets 250",2022-04-28T01:42:41.621Z,165111016162100
"""Mohammad M @ xHiJmE_Qdf"" checks",2022-04-28T01:42:38.609Z,165111015860900
"River: 4â™¥, 5â™ , 3â™¥, Jâ™£ [Kâ™£]",2022-04-28T01:42:36.199Z,165111015619900
"""Mohammad M @ xHiJmE_Qdf"" calls 100",2022-04-28T01:42:35.307Z,165111015530700
"""Shohreh @ UA4oSZwjWd"" calls 100",2022-04-28T01:42:32.091Z,165111015209100
"""Siamak @ XGXRtKsbbo"" bets 100",2022-04-28T01:42:30.992Z,165111015099200
"""Mohammad M @ xHiJmE_Qdf"" checks",2022-04-28T01:42:28.611Z,165111014861100
"Turn: 4â™¥, 5â™ , 3â™¥ [Jâ™£]",2022-04-28T01:42:26.796Z,165111014679600
"""Shohreh @ UA4oSZwjWd"" calls 100",2022-04-28T01:42:25.938Z,165111014593800
"""Siamak @ XGXRtKsbbo"" calls 100",2022-04-28T01:42:25.092Z,165111014509200
"""Amin ðŸª“ @ q7yik-c0PC"" folds",2022-04-28T01:42:24.149Z,165111014414900
"""Mohammad M @ xHiJmE_Qdf"" bets 100",2022-04-28T01:42:22.609Z,165111014260900
"Flop:  [4â™¥, 5â™ , 3â™¥]",2022-04-28T01:42:20.299Z,165111014029900
"""Amin ðŸª“ @ q7yik-c0PC"" checks",2022-04-28T01:42:19.473Z,165111013947300
"""Mohammad M @ xHiJmE_Qdf"" calls 100",2022-04-28T01:42:18.161Z,165111013816100
"""Shohreh @ UA4oSZwjWd"" calls 100",2022-04-28T01:42:16.535Z,165111013653500
"""Siamak @ XGXRtKsbbo"" calls 100",2022-04-28T01:42:15.690Z,165111013569000
"""Amin ðŸª“ @ q7yik-c0PC"" posts a big blind of 100",2022-04-28T01:42:11.893Z,165111013189307
"""Mohammad M @ xHiJmE_Qdf"" posts a small blind of 50",2022-04-28T01:42:11.893Z,165111013189306
"Player stacks: #1 ""Mohammad M @ xHiJmE_Qdf"" (15589) | #2 ""Amin ðŸª“ @ q7yik-c0PC"" (5921) | #9 ""Siamak @ XGXRtKsbbo"" (13505) | #10 ""Shohreh @ UA4oSZwjWd"" (41985)",2022-04-28T01:42:11.893Z,165111013189301
"-- starting hand #39  (No Limit Texas Hold'em) (dealer: ""Shohreh @ UA4oSZwjWd"") --",2022-04-28T01:42:11.893Z,165111013189300
"-- ending hand #38 --",2022-04-28T01:42:05.798Z,165111012579802
"""Mohammad M @ xHiJmE_Qdf"" collected 4830 from pot with Two Pair, Q's & J's (combination: Qâ™ , Qâ™¥, Jâ™ , Jâ™£, 9â™¥)",2022-04-28T01:42:05.798Z,165111012579801
"""Mohammad M @ xHiJmE_Qdf"" shows a Jâ™ , Qâ™ .",2022-04-28T01:42:05.798Z,165111012579800
"""Shohreh @ UA4oSZwjWd"" calls 785",2022-04-28T01:42:04.982Z,165111012498200
"""Mohammad M @ xHiJmE_Qdf"" bets 785",2022-04-28T01:42:03.686Z,165111012368600
"""Shohreh @ UA4oSZwjWd"" checks",2022-04-28T01:41:59.530Z,165111011953000
"River: Qâ™¥, 5â™¥, 9â™¥, Jâ™£ [5â™£]",2022-04-28T01:41:57.685Z,165111011768500
"""Shohreh @ UA4oSZwjWd"" calls 785",2022-04-28T01:41:56.822Z,165111011682200
"""Mohammad M @ xHiJmE_Qdf"" bets 785",2022-04-28T01:41:52.495Z,165111011249500
"""Shohreh @ UA4oSZwjWd"" checks",2022-04-28T01:41:48.291Z,165111010829100
"Turn: Qâ™¥, 5â™¥, 9â™¥ [Jâ™£]",2022-04-28T01:41:46.287Z,165111010628700
"""Shohreh @ UA4oSZwjWd"" calls 100",2022-04-28T01:41:45.452Z,165111010545200
"""Mohammad M @ xHiJmE_Qdf"" bets 100",2022-04-28T01:41:43.422Z,165111010342200
"""Shohreh @ UA4oSZwjWd"" checks",2022-04-28T01:41:41.907Z,165111010190700
"Flop:  [Qâ™¥, 5â™¥, 9â™¥]",2022-04-28T01:41:39.874Z,165111009987400
"""Shohreh @ UA4oSZwjWd"" calls 745",2022-04-28T01:41:38.995Z,165111009899500
"""Mohammad M @ xHiJmE_Qdf"" raises to 745",2022-04-28T01:41:36.866Z,165111009686600
"""Shohreh @ UA4oSZwjWd"" calls 100",2022-04-28T01:41:31.919Z,165111009191900
"""Siamak @ XGXRtKsbbo"" folds",2022-04-28T01:41:31.041Z,165111009104100
"""Amin ðŸª“ @ q7yik-c0PC"" folds",2022-04-28T01:41:28.086Z,165111008808600
"""Mohammad M @ xHiJmE_Qdf"" posts a big blind of 100",2022-04-28T01:41:24.874Z,165111008487407
"""Shohreh @ UA4oSZwjWd"" posts a small blind of 50",2022-04-28T01:41:24.874Z,165111008487406
"Player stacks: #1 ""Mohammad M @ xHiJmE_Qdf"" (13174) | #2 ""Amin ðŸª“ @ q7yik-c0PC"" (5921) | #9 ""Siamak @ XGXRtKsbbo"" (13505) | #10 ""Shohreh @ UA4oSZwjWd"" (44400)",2022-04-28T01:41:24.874Z,165111008487401
"-- starting hand #38  (No Limit Texas Hold'em) (dealer: ""Siamak @ XGXRtKsbbo"") --",2022-04-28T01:41:24.874Z,165111008487400
"""Mohammad M @ xHiJmE_Qdf"" shows a Qâ™ , 3â™¥.",2022-04-28T01:41:20.037Z,165111008003700
"-- ending hand #37 --",2022-04-28T01:41:18.358Z,165111007835802
"""Siamak @ XGXRtKsbbo"" collected 500 from pot with Pair, 4's (combination: 4â™£, 4â™ , Qâ™¥, Jâ™ , 10â™¦)",2022-04-28T01:41:18.358Z,165111007835801
"""Siamak @ XGXRtKsbbo"" shows a Jâ™ , Qâ™¥.",2022-04-28T01:41:18.358Z,165111007835800
"""Mohammad M @ xHiJmE_Qdf"" checks",2022-04-28T01:41:17.545Z,165111007754500
"""Siamak @ XGXRtKsbbo"" checks",2022-04-28T01:41:15.939Z,165111007593900
"River: 4â™£, 7â™£, 10â™¦, 4â™  [2â™¦]",2022-04-28T01:41:12.265Z,165111007226500
"""Shohreh @ UA4oSZwjWd"" folds",2022-04-28T01:41:11.350Z,165111007135000
"""Siamak @ XGXRtKsbbo"" calls 100",2022-04-28T01:41:09.185Z,165111006918500
"""Mohammad M @ xHiJmE_Qdf"" bets 100",2022-04-28T01:41:07.525Z,165111006752500
"""Shohreh @ UA4oSZwjWd"" checks",2022-04-28T01:41:05.761Z,165111006576100
"""Siamak @ XGXRtKsbbo"" checks",2022-04-28T01:41:03.948Z,165111006394800
"Turn: 4â™£, 7â™£, 10â™¦ [4â™ ]",2022-04-28T01:41:02.738Z,165111006273800
"""Mohammad M @ xHiJmE_Qdf"" checks",2022-04-28T01:41:01.902Z,165111006190200
"""Shohreh @ UA4oSZwjWd"" checks",2022-04-28T01:41:00.411Z,165111006041100
"""Siamak @ XGXRtKsbbo"" checks",2022-04-28T01:40:58.542Z,165111005854200
"Flop:  [4â™£, 7â™£, 10â™¦]",2022-04-28T01:40:56.046Z,165111005604600
"""Shohreh @ UA4oSZwjWd"" checks",2022-04-28T01:40:55.154Z,165111005515400
"""Siamak @ XGXRtKsbbo"" calls 100",2022-04-28T01:40:52.928Z,165111005292800
"""Amin ðŸª“ @ q7yik-c0PC"" folds",2022-04-28T01:40:51.970Z,165111005197000
"""Mohammad M @ xHiJmE_Qdf"" calls 100",2022-04-28T01:40:51.072Z,165111005107200
"""Shohreh @ UA4oSZwjWd"" posts a big blind of 100",2022-04-28T01:40:43.452Z,165111004345207
"""Siamak @ XGXRtKsbbo"" posts a small blind of 50",2022-04-28T01:40:43.452Z,165111004345206
"Player stacks: #1 ""Mohammad M @ xHiJmE_Qdf"" (13374) | #2 ""Amin ðŸª“ @ q7yik-c0PC"" (5921) | #9 ""Siamak @ XGXRtKsbbo"" (13205) | #10 ""Shohreh @ UA4oSZwjWd"" (44500)",2022-04-28T01:40:43.452Z,165111004345201
"-- starting hand #37  (No Limit Texas Hold'em) (dealer: ""Amin ðŸª“ @ q7yik-c0PC"") --",2022-04-28T01:40:43.452Z,165111004345200
"""Mohammad M @ xHiJmE_Qdf"" shows a Kâ™¥, Kâ™£.",2022-04-28T01:40:40.366Z,165111004036600
"""Shohreh @ UA4oSZwjWd"" shows a 5â™£, 7â™¦.",2022-04-28T01:40:40.208Z,165111004020800
"-- ending hand #36 --",2022-04-28T01:40:39.054Z,165111003905402
"""Shohreh @ UA4oSZwjWd"" collected 4920 from pot",2022-04-28T01:40:39.054Z,165111003905401
"Uncalled bet of 2460 returned to ""Shohreh @ UA4oSZwjWd""",2022-04-28T01:40:39.054Z,165111003905400
"""Mohammad M @ xHiJmE_Qdf"" folds",2022-04-28T01:40:38.119Z,165111003811900
"""Shohreh @ UA4oSZwjWd"" bets 2460",2022-04-28T01:40:36.560Z,165111003656000
"Turn: 6â™¥, 4â™£, 3â™¥ [10â™¦]",2022-04-28T01:40:31.633Z,165111003163300
"""Mohammad M @ xHiJmE_Qdf"" calls 1640",2022-04-28T01:40:30.750Z,165111003075000
"""Shohreh @ UA4oSZwjWd"" bets 1640",2022-04-28T01:40:28.782Z,165111002878200
"Flop:  [6â™¥, 4â™£, 3â™¥]",2022-04-28T01:40:23.625Z,165111002362500
"""Shohreh @ UA4oSZwjWd"" calls 745",2022-04-28T01:40:22.715Z,165111002271500
"""Siamak @ XGXRtKsbbo"" folds",2022-04-28T01:40:20.344Z,165111002034400
"""Amin ðŸª“ @ q7yik-c0PC"" folds",2022-04-28T01:40:17.524Z,165111001752400
"""Mohammad M @ xHiJmE_Qdf"" raises to 745",2022-04-28T01:40:16.230Z,165111001623000
"""Shohreh @ UA4oSZwjWd"" calls 100",2022-04-28T01:40:09.950Z,165111000995000
"""Siamak @ XGXRtKsbbo"" posts a big blind of 100",2022-04-28T01:40:08.220Z,165111000822007
"""Amin ðŸª“ @ q7yik-c0PC"" posts a small blind of 50",2022-04-28T01:40:08.220Z,165111000822006
"Player stacks: #1 ""Mohammad M @ xHiJmE_Qdf"" (15759) | #2 ""Amin ðŸª“ @ q7yik-c0PC"" (5971) | #9 ""Siamak @ XGXRtKsbbo"" (13305) | #10 ""Shohreh @ UA4oSZwjWd"" (41965)",2022-04-28T01:40:08.220Z,165111000822001
"-- starting hand #36  (No Limit Texas Hold'em) (dealer: ""Mohammad M @ xHiJmE_Qdf"") --",2022-04-28T01:40:08.220Z,165111000822000
"""Shohreh @ UA4oSZwjWd"" shows a 2â™¦, 5â™ .",2022-04-28T01:40:03.120Z,165111000312000
"-- ending hand #35 --",2022-04-28T01:40:01.678Z,165111000167802
"""Mohammad M @ xHiJmE_Qdf"" collected 800 from pot with Pair, 3's (combination: 3â™¦, 3â™£, Aâ™ , Kâ™¥, Jâ™¥)",2022-04-28T01:40:01.678Z,165111000167801
"""Mohammad M @ xHiJmE_Qdf"" shows a 3â™¦, 3â™£.",2022-04-28T01:40:01.678Z,165111000167800
"""Shohreh @ UA4oSZwjWd"" calls 100",2022-04-28T01:40:00.809Z,165111000080900
"""Mohammad M @ xHiJmE_Qdf"" bets 100",2022-04-28T01:39:56.824Z,165110999682400
"River: Aâ™ , Jâ™¥, Kâ™¥, 2â™£ [6â™¦]",2022-04-28T01:39:55.608Z,165110999560800
"""Shohreh @ UA4oSZwjWd"" calls 100",2022-04-28T01:39:54.713Z,165110999471300
"""Siamak @ XGXRtKsbbo"" folds",2022-04-28T01:39:53.691Z,165110999369100
"""Amin ðŸª“ @ q7yik-c0PC"" folds",2022-04-28T01:39:52.681Z,165110999268100
"""Mohammad M @ xHiJmE_Qdf"" bets 100",2022-04-28T01:39:45.081Z,165110998508100
"Turn: Aâ™ , Jâ™¥, Kâ™¥ [2â™£]",2022-04-28T01:39:43.402Z,165110998340200
"""Shohreh @ UA4oSZwjWd"" checks",2022-04-28T01:39:42.517Z,165110998251700
"""Siamak @ XGXRtKsbbo"" checks",2022-04-28T01:39:40.751Z,165110998075100
"""Amin ðŸª“ @ q7yik-c0PC"" checks",2022-04-28T01:39:39.801Z,165110997980100
"""Mohammad M @ xHiJmE_Qdf"" checks",2022-04-28T01:39:38.170Z,165110997817000
"Flop:  [Aâ™ , Jâ™¥, Kâ™¥]",2022-04-28T01:39:35.985Z,165110997598500
"""Amin ðŸª“ @ q7yik-c0PC"" checks",2022-04-28T01:39:35.132Z,165110997513200
"""Mohammad M @ xHiJmE_Qdf"" calls 100",2022-04-28T01:39:32.837Z,165110997283700
"""Shohreh @ UA4oSZwjWd"" calls 100",2022-04-28T01:39:30.801Z,165110997080100
"""Siamak @ XGXRtKsbbo"" calls 100",2022-04-28T01:39:25.933Z,165110996593300
"""Amin ðŸª“ @ q7yik-c0PC"" posts a big blind of 100",2022-04-28T01:39:22.995Z,165110996299508
"""Mohammad M @ xHiJmE_Qdf"" posts a small blind of 50",2022-04-28T01:39:22.995Z,165110996299507
"Player stacks: #1 ""Mohammad M @ xHiJmE_Qdf"" (15259) | #2 ""Amin ðŸª“ @ q7yik-c0PC"" (6071) | #9 ""Siamak @ XGXRtKsbbo"" (13405) | #10 ""Shohreh @ UA4oSZwjWd"" (42265)",2022-04-28T01:39:22.995Z,165110996299502
"-- starting hand #35  (No Limit Texas Hold'em) (dealer: ""Shohreh @ UA4oSZwjWd"") --",2022-04-28T01:39:22.995Z,165110996299501
"The player ""Saeed @ f50jW-AuT0"" quits the game with a stack of 0.",2022-04-28T01:39:22.995Z,165110996299500
"-- ending hand #34 --",2022-04-28T01:39:16.977Z,165110995697703
"""Shohreh @ UA4oSZwjWd"" shows a Kâ™¥, 7â™¥.",2022-04-28T01:39:16.977Z,165110995697702
"""Mohammad M @ xHiJmE_Qdf"" collected 2280 from pot with A High (combination: Aâ™¥, Qâ™¦, Jâ™ , 10â™ , 8â™ )",2022-04-28T01:39:16.977Z,165110995697701
"""Mohammad M @ xHiJmE_Qdf"" shows a Aâ™¥, 3â™£.",2022-04-28T01:39:16.977Z,165110995697700
"""Mohammad M @ xHiJmE_Qdf"" checks",2022-04-28T01:39:16.055Z,165110995605500
"""Shohreh @ UA4oSZwjWd"" checks",2022-04-28T01:39:14.616Z,165110995461600
"River: Qâ™¦, Jâ™ , 8â™ , 10â™  [4â™¦]",2022-04-28T01:39:12.778Z,165110995277800
"""Mohammad M @ xHiJmE_Qdf"" checks",2022-04-28T01:39:11.844Z,165110995184400
"""Shohreh @ UA4oSZwjWd"" checks",2022-04-28T01:39:10.255Z,165110995025500
"Turn: Qâ™¦, Jâ™ , 8â™  [10â™ ]",2022-04-28T01:39:06.781Z,165110994678100
"""Mohammad M @ xHiJmE_Qdf"" checks",2022-04-28T01:39:05.868Z,165110994586800
"""Shohreh @ UA4oSZwjWd"" checks",2022-04-28T01:39:03.241Z,165110994324100
"Flop:  [Qâ™¦, Jâ™ , 8â™ ]",2022-04-28T01:38:58.761Z,165110993876100
"""Mohammad M @ xHiJmE_Qdf"" calls 760",2022-04-28T01:38:57.916Z,165110993791600
"""Shohreh @ UA4oSZwjWd"" calls 760",2022-04-28T01:38:56.064Z,165110993606400
"""Siamak @ XGXRtKsbbo"" folds",2022-04-28T01:38:51.842Z,165110993184200
"""Saeed @ f50jW-AuT0"" raises to 760 and go all in",2022-04-28T01:38:50.825Z,165110993082500
"""Amin ðŸª“ @ q7yik-c0PC"" folds",2022-04-28T01:38:46.761Z,165110992676100
"""Mohammad M @ xHiJmE_Qdf"" posts a big blind of 100",2022-04-28T01:38:43.354Z,165110992335408
"""Shohreh @ UA4oSZwjWd"" posts a small blind of 50",2022-04-28T01:38:43.354Z,165110992335407
"Player stacks: #1 ""Mohammad M @ xHiJmE_Qdf"" (13739) | #2 ""Amin ðŸª“ @ q7yik-c0PC"" (6071) | #3 ""Saeed @ f50jW-AuT0"" (760) | #9 ""Siamak @ XGXRtKsbbo"" (13405) | #10 ""Shohreh @ UA4oSZwjWd"" (43025)",2022-04-28T01:38:43.354Z,165110992335401
"-- starting hand #34  (No Limit Texas Hold'em) (dealer: ""Siamak @ XGXRtKsbbo"") --",2022-04-28T01:38:43.354Z,165110992335400
"""Mohammad M @ xHiJmE_Qdf"" shows a 2â™¥, 7â™¥.",2022-04-28T01:38:42.003Z,165110992200300
"""Saeed @ f50jW-AuT0"" shows a 2â™£, 7â™¦.",2022-04-28T01:38:40.276Z,165110992027600
"-- ending hand #33 --",2022-04-28T01:38:38.916Z,165110991891602
"""Amin ðŸª“ @ q7yik-c0PC"" collected 300 from pot",2022-04-28T01:38:38.916Z,165110991891601
"Uncalled bet of 1000 returned to ""Amin ðŸª“ @ q7yik-c0PC""",2022-04-28T01:38:38.916Z,165110991891600
"""Shohreh @ UA4oSZwjWd"" folds",2022-04-28T01:38:38.064Z,165110991806400
"""Siamak @ XGXRtKsbbo"" folds",2022-04-28T01:38:35.636Z,165110991563600
"""Amin ðŸª“ @ q7yik-c0PC"" bets 1000",2022-04-28T01:38:30.800Z,165110991080000
"""Shohreh @ UA4oSZwjWd"" checks",2022-04-28T01:38:19.052Z,165110989905200
"""Siamak @ XGXRtKsbbo"" checks",2022-04-28T01:38:16.808Z,165110989680800
"Flop:  [7â™ , 10â™ , 2â™ ]",2022-04-28T01:38:14.320Z,165110989432000
"""Shohreh @ UA4oSZwjWd"" checks",2022-04-28T01:38:13.431Z,165110989343100
"""Siamak @ XGXRtKsbbo"" calls 100",2022-04-28T01:38:12.524Z,165110989252400
"""Saeed @ f50jW-AuT0"" folds",2022-04-28T01:38:10.920Z,165110989092000
"""Amin ðŸª“ @ q7yik-c0PC"" calls 100",2022-04-28T01:38:09.924Z,165110988992400
"""Mohammad M @ xHiJmE_Qdf"" folds",2022-04-28T01:38:08.479Z,165110988847900
"""Shohreh @ UA4oSZwjWd"" posts a big blind of 100",2022-04-28T01:38:06.090Z,165110988609008
"""Siamak @ XGXRtKsbbo"" posts a small blind of 50",2022-04-28T01:38:06.090Z,165110988609007
"Player stacks: #1 ""Mohammad M @ xHiJmE_Qdf"" (13739) | #2 ""Amin ðŸª“ @ q7yik-c0PC"" (5871) | #3 ""Saeed @ f50jW-AuT0"" (760) | #9 ""Siamak @ XGXRtKsbbo"" (13505) | #10 ""Shohreh @ UA4oSZwjWd"" (43125)",2022-04-28T01:38:06.090Z,165110988609001
"-- starting hand #33  (No Limit Texas Hold'em) (dead button) --",2022-04-28T01:38:06.090Z,165110988609000
"-- ending hand #32 --",2022-04-28T01:37:59.982Z,165110987998201
"""Mohammad M @ xHiJmE_Qdf"" collected 13739 from pot with Two Pair, A's & J's (combination: Aâ™¦, Aâ™¥, Jâ™¦, Jâ™ , Kâ™£)",2022-04-28T01:37:59.982Z,165110987998200
"River: Aâ™¥, 2â™¥, Jâ™ , 4â™  [Kâ™£]",2022-04-28T01:37:55.963Z,165110987596300
"Turn: Aâ™¥, 2â™¥, Jâ™  [4â™ ]",2022-04-28T01:37:51.859Z,165110987185900
"""Saeed @ f50jW-AuT0"" shows a 5â™¥, Kâ™¥.",2022-04-28T01:37:47.765Z,165110986776502
"""Mohammad M @ xHiJmE_Qdf"" shows a Jâ™¦, Aâ™¦.",2022-04-28T01:37:47.765Z,165110986776501
"Uncalled bet of 760 returned to ""Saeed @ f50jW-AuT0""",2022-04-28T01:37:47.765Z,165110986776500
"""Mohammad M @ xHiJmE_Qdf"" calls 5636 and go all in",2022-04-28T01:37:46.936Z,165110986693600
"""Shohreh @ UA4oSZwjWd"" folds",2022-04-28T01:37:45.454Z,165110986545400
"""Saeed @ f50jW-AuT0"" raises to 6396 and go all in",2022-04-28T01:37:32.446Z,165110985244600
"""Mohammad M @ xHiJmE_Qdf"" bets 789",2022-04-28T01:37:29.297Z,165110984929700
"""Shohreh @ UA4oSZwjWd"" checks",2022-04-28T01:37:24.465Z,165110984446500
"Flop:  [Aâ™¥, 2â™¥, Jâ™ ]",2022-04-28T01:37:19.357Z,165110983935700
"""Shohreh @ UA4oSZwjWd"" calls 789",2022-04-28T01:37:18.458Z,165110983845800
"""Siamak @ XGXRtKsbbo"" folds",2022-04-28T01:37:11.099Z,165110983109900
"""Saeed @ f50jW-AuT0"" calls 789",2022-04-28T01:37:04.642Z,165110982464200
"""Amin ðŸª“ @ q7yik-c0PC"" folds",2022-04-28T01:37:02.164Z,165110982216400
"""Mohammad M @ xHiJmE_Qdf"" raises to 789",2022-04-28T01:37:01.193Z,165110982119300
"""Shohreh @ UA4oSZwjWd"" calls 100",2022-04-28T01:36:55.028Z,165110981502800
"""Siamak @ XGXRtKsbbo"" posts a big blind of 100",2022-04-28T01:36:49.632Z,165110980963209
"Dead Small Blind",2022-04-28T01:36:49.632Z,165110980963208
"Player stacks: #1 ""Mohammad M @ xHiJmE_Qdf"" (6425) | #2 ""Amin ðŸª“ @ q7yik-c0PC"" (5871) | #3 ""Saeed @ f50jW-AuT0"" (7185) | #9 ""Siamak @ XGXRtKsbbo"" (13605) | #10 ""Shohreh @ UA4oSZwjWd"" (43914)",2022-04-28T01:36:49.632Z,165110980963202
"-- starting hand #32  (No Limit Texas Hold'em) (dealer: ""Saeed @ f50jW-AuT0"") --",2022-04-28T01:36:49.632Z,165110980963201
"The player ""Hossein @ casYoi_zZN"" quits the game with a stack of 0.",2022-04-28T01:36:49.632Z,165110980963200
"-- ending hand #31 --",2022-04-28T01:36:43.621Z,165110980362101
"""Shohreh @ UA4oSZwjWd"" collected 16468 from pot with Three of a Kind, 7's (combination: 7â™ , 7â™¦, 7â™£, Kâ™¥, Qâ™¥)",2022-04-28T01:36:43.621Z,165110980362100
"River: 7â™¦, 7â™£, Qâ™¥, 6â™  [Kâ™¥]",2022-04-28T01:36:39.526Z,165110979952600
"Turn: 7â™¦, 7â™£, Qâ™¥ [6â™ ]",2022-04-28T01:36:35.510Z,165110979551000
"""Shohreh @ UA4oSZwjWd"" shows a 7â™ , 9â™¦.",2022-04-28T01:36:31.415Z,165110979141501
"""Hossein @ casYoi_zZN"" shows a Aâ™¦, Aâ™ .",2022-04-28T01:36:31.415Z,165110979141500
"""Saeed @ f50jW-AuT0"" folds",2022-04-28T01:36:30.512Z,165110979051200
"""Shohreh @ UA4oSZwjWd"" calls 6859",2022-04-28T01:36:14.664Z,165110977466400
"""Hossein @ casYoi_zZN"" raises to 6859 and go all in",2022-04-28T01:36:04.599Z,165110976459900
"""Saeed @ f50jW-AuT0"" bets 500",2022-04-28T01:36:01.926Z,165110976192600
"Flop:  [7â™¦, 7â™£, Qâ™¥]",2022-04-28T01:35:54.094Z,165110975409400
"""Saeed @ f50jW-AuT0"" calls 650",2022-04-28T01:35:53.221Z,165110975322100
"""Amin ðŸª“ @ q7yik-c0PC"" folds",2022-04-28T01:35:52.281Z,165110975228100
"""Mohammad M @ xHiJmE_Qdf"" folds",2022-04-28T01:35:50.485Z,165110975048500
"""Shohreh @ UA4oSZwjWd"" calls 650",2022-04-28T01:35:49.460Z,165110974946000
"""Siamak @ XGXRtKsbbo"" folds",2022-04-28T01:35:45.759Z,165110974575900
"""Hossein @ casYoi_zZN"" raises to 650",2022-04-28T01:35:43.334Z,165110974333400
"""Saeed @ f50jW-AuT0"" calls 100",2022-04-28T01:35:39.692Z,165110973969200
"""Amin ðŸª“ @ q7yik-c0PC"" calls 100",2022-04-28T01:35:38.388Z,165110973838800
"""Mohammad M @ xHiJmE_Qdf"" calls 100",2022-04-28T01:35:36.868Z,165110973686800
"""Shohreh @ UA4oSZwjWd"" calls 100",2022-04-28T01:35:33.750Z,165110973375000
"""Siamak @ XGXRtKsbbo"" calls 100",2022-04-28T01:35:31.078Z,165110973107800
"""Hossein @ casYoi_zZN"" posts a big blind of 100",2022-04-28T01:35:28.255Z,165110972825509
"""Saeed @ f50jW-AuT0"" posts a small blind of 50",2022-04-28T01:35:28.255Z,165110972825508
"Player stacks: #1 ""Mohammad M @ xHiJmE_Qdf"" (6525) | #2 ""Amin ðŸª“ @ q7yik-c0PC"" (5971) | #3 ""Saeed @ f50jW-AuT0"" (8335) | #8 ""Hossein @ casYoi_zZN"" (7509) | #9 ""Siamak @ XGXRtKsbbo"" (13705) | #10 ""Shohreh @ UA4oSZwjWd"" (34955)",2022-04-28T01:35:28.255Z,165110972825501
"-- starting hand #31  (No Limit Texas Hold'em) (dealer: ""Amin ðŸª“ @ q7yik-c0PC"") --",2022-04-28T01:35:28.255Z,165110972825500
"-- ending hand #30 --",2022-04-28T01:35:22.157Z,165110972215702
"""Saeed @ f50jW-AuT0"" collected 7000 from pot with Straight, 5 High (combination: 5â™ , 4â™¥, 3â™¥, 2â™ , Aâ™¥)",2022-04-28T01:35:22.157Z,165110972215701
"""Saeed @ f50jW-AuT0"" shows a 4â™¥, 2â™ .",2022-04-28T01:35:22.157Z,165110972215700
"""Hossein @ casYoi_zZN"" calls 2000",2022-04-28T01:35:21.342Z,165110972134200
"""Saeed @ f50jW-AuT0"" bets 2000",2022-04-28T01:35:13.607Z,165110971360700
"River: 7â™¦, Aâ™¥, 5â™ , 3â™¥ [8â™¥]",2022-04-28T01:35:08.149Z,165110970814900
"""Saeed @ f50jW-AuT0"" calls 750",2022-04-28T01:35:07.282Z,165110970728200
"""Hossein @ casYoi_zZN"" bets 750",2022-04-28T01:35:05.588Z,165110970558800
"""Saeed @ f50jW-AuT0"" checks",2022-04-28T01:35:01.190Z,165110970119000
"Turn: 7â™¦, Aâ™¥, 5â™  [3â™¥]",2022-04-28T01:34:58.938Z,165110969893800
"""Saeed @ f50jW-AuT0"" calls 500",2022-04-28T01:34:58.037Z,165110969803700
"""Amin ðŸª“ @ q7yik-c0PC"" folds",2022-04-28T01:34:54.771Z,165110969477100
"""Shohreh @ UA4oSZwjWd"" folds",2022-04-28T01:34:53.848Z,165110969384800
"""Siamak @ XGXRtKsbbo"" folds",2022-04-28T01:34:50.354Z,165110969035400
"""Hossein @ casYoi_zZN"" bets 500",2022-04-28T01:34:48.012Z,165110968801200
"""Saeed @ f50jW-AuT0"" checks",2022-04-28T01:34:43.056Z,165110968305600
"""Amin ðŸª“ @ q7yik-c0PC"" checks",2022-04-28T01:34:42.118Z,165110968211800
"Flop:  [7â™¦, Aâ™¥, 5â™ ]",2022-04-28T01:34:38.938Z,165110967893800
"""Saeed @ f50jW-AuT0"" checks",2022-04-28T01:34:38.039Z,165110967803900
"""Amin ðŸª“ @ q7yik-c0PC"" calls 100",2022-04-28T01:34:36.295Z,165110967629500
"""Mohammad M @ xHiJmE_Qdf"" folds",2022-04-28T01:34:35.001Z,165110967500100
"""Shohreh @ UA4oSZwjWd"" calls 100",2022-04-28T01:34:32.398Z,165110967239800
"""Siamak @ XGXRtKsbbo"" calls 100",2022-04-28T01:34:31.479Z,165110967147900
"""Hossein @ casYoi_zZN"" calls 100",2022-04-28T01:34:28.418Z,165110966841800
"""Saeed @ f50jW-AuT0"" posts a big blind of 100",2022-04-28T01:34:24.927Z,165110966492709
"""Amin ðŸª“ @ q7yik-c0PC"" posts a small blind of 50",2022-04-28T01:34:24.927Z,165110966492708
"Player stacks: #1 ""Mohammad M @ xHiJmE_Qdf"" (6525) | #2 ""Amin ðŸª“ @ q7yik-c0PC"" (6071) | #3 ""Saeed @ f50jW-AuT0"" (4685) | #8 ""Hossein @ casYoi_zZN"" (10859) | #9 ""Siamak @ XGXRtKsbbo"" (13805) | #10 ""Shohreh @ UA4oSZwjWd"" (35055)",2022-04-28T01:34:24.927Z,165110966492701
"-- starting hand #30  (No Limit Texas Hold'em) (dealer: ""Mohammad M @ xHiJmE_Qdf"") --",2022-04-28T01:34:24.927Z,165110966492700
"-- ending hand #29 --",2022-04-28T01:34:21.925Z,165110966192502
"""Saeed @ f50jW-AuT0"" collected 3000 from pot",2022-04-28T01:34:21.925Z,165110966192501
"Uncalled bet of 900 returned to ""Saeed @ f50jW-AuT0""",2022-04-28T01:34:21.925Z,165110966192500
"""Hossein @ casYoi_zZN"" folds",2022-04-28T01:34:21.005Z,165110966100500
"""Saeed @ f50jW-AuT0"" bets 900",2022-04-28T01:33:57.995Z,165110963799500
"River: Kâ™¥, Kâ™¦, Qâ™ , 5â™¦ [7â™¦]",2022-04-28T01:33:52.916Z,165110963291600
"""Hossein @ casYoi_zZN"" checks",2022-04-28T01:33:52.091Z,165110963209100
"""Saeed @ f50jW-AuT0"" checks",2022-04-28T01:33:48.722Z,165110962872200
"Turn: Kâ™¥, Kâ™¦, Qâ™  [5â™¦]",2022-04-28T01:33:47.508Z,165110962750800
"""Saeed @ f50jW-AuT0"" calls 900",2022-04-28T01:33:46.588Z,165110962658800
"""Shohreh @ UA4oSZwjWd"" folds",2022-04-28T01:33:44.183Z,165110962418300
"""Hossein @ casYoi_zZN"" bets 900",2022-04-28T01:33:28.309Z,165110960830900
"""Saeed @ f50jW-AuT0"" checks",2022-04-28T01:33:22.611Z,165110960261100
"Flop:  [Kâ™¥, Kâ™¦, Qâ™ ]",2022-04-28T01:33:19.156Z,165110959915600
"""Amin ðŸª“ @ q7yik-c0PC"" folds",2022-04-28T01:33:18.320Z,165110959832000
"""Mohammad M @ xHiJmE_Qdf"" folds",2022-04-28T01:33:15.853Z,165110959585300
"""Shohreh @ UA4oSZwjWd"" calls 350",2022-04-28T01:33:14.787Z,165110959478700
"""Siamak @ XGXRtKsbbo"" folds",2022-04-28T01:33:13.881Z,165110959388100
"""Hossein @ casYoi_zZN"" calls 350",2022-04-28T01:33:06.811Z,165110958681100
"""Saeed @ f50jW-AuT0"" raises to 350",2022-04-28T01:33:05.571Z,165110958557100
"""Amin ðŸª“ @ q7yik-c0PC"" posts a big blind of 100",2022-04-28T01:33:00.741Z,165110958074109
"""Mohammad M @ xHiJmE_Qdf"" posts a small blind of 50",2022-04-28T01:33:00.741Z,165110958074108
"Player stacks: #1 ""Mohammad M @ xHiJmE_Qdf"" (6575) | #2 ""Amin ðŸª“ @ q7yik-c0PC"" (6171) | #3 ""Saeed @ f50jW-AuT0"" (2935) | #8 ""Hossein @ casYoi_zZN"" (12109) | #9 ""Siamak @ XGXRtKsbbo"" (13805) | #10 ""Shohreh @ UA4oSZwjWd"" (35405)",2022-04-28T01:33:00.741Z,165110958074101
"-- starting hand #29  (No Limit Texas Hold'em) (dealer: ""Shohreh @ UA4oSZwjWd"") --",2022-04-28T01:33:00.741Z,165110958074100
"-- ending hand #28 --",2022-04-28T01:32:54.699Z,165110957469903
"""Saeed @ f50jW-AuT0"" shows a 10â™£, 9â™ .",2022-04-28T01:32:54.699Z,165110957469902
"""Shohreh @ UA4oSZwjWd"" collected 10300 from pot with Full House, 8's over 4's (combination: 8â™£, 8â™¥, 8â™¦, 4â™ , 4â™£)",2022-04-28T01:32:54.699Z,165110957469901
"""Shohreh @ UA4oSZwjWd"" shows a 8â™£, 4â™ .",2022-04-28T01:32:54.699Z,165110957469900
"""Amin ðŸª“ @ q7yik-c0PC"" folds",2022-04-28T01:32:53.872Z,165110957387200
"""Shohreh @ UA4oSZwjWd"" calls 2500",2022-04-28T01:32:52.394Z,165110957239400
"""Saeed @ f50jW-AuT0"" raises to 2500",2022-04-28T01:32:50.419Z,165110957041900
"""Amin ðŸª“ @ q7yik-c0PC"" calls 100",2022-04-28T01:32:46.898Z,165110956689800
"""Shohreh @ UA4oSZwjWd"" bets 100",2022-04-28T01:32:45.437Z,165110956543700
"River: 8â™¥, 8â™¦, Qâ™¦, Jâ™£ [4â™£]",2022-04-28T01:32:41.335Z,165110956133500
"""Amin ðŸª“ @ q7yik-c0PC"" calls 1400",2022-04-28T01:32:40.504Z,165110956050400
"""Mohammad M @ xHiJmE_Qdf"" folds",2022-04-28T01:32:27.933Z,165110954793300
"""Shohreh @ UA4oSZwjWd"" calls 1400",2022-04-28T01:32:24.186Z,165110954418600
"""Saeed @ f50jW-AuT0"" raises to 1400",2022-04-28T01:32:16.427Z,165110953642700
"""Amin ðŸª“ @ q7yik-c0PC"" calls 100",2022-04-28T01:32:12.207Z,165110953220700
"""Mohammad M @ xHiJmE_Qdf"" calls 100",2022-04-28T01:32:10.420Z,165110953042000
"""Shohreh @ UA4oSZwjWd"" bets 100",2022-04-28T01:32:09.146Z,165110952914600
"Turn: 8â™¥, 8â™¦, Qâ™¦ [Jâ™£]",2022-04-28T01:32:06.705Z,165110952670500
"""Siamak @ XGXRtKsbbo"" folds",2022-04-28T01:32:05.840Z,165110952584000
"""Saeed @ f50jW-AuT0"" calls 100",2022-04-28T01:32:04.848Z,165110952484800
"""Amin ðŸª“ @ q7yik-c0PC"" calls 100",2022-04-28T01:32:03.830Z,165110952383000
"""Mohammad M @ xHiJmE_Qdf"" calls 100",2022-04-28T01:32:02.181Z,165110952218100
"""Shohreh @ UA4oSZwjWd"" bets 100",2022-04-28T01:32:00.268Z,165110952026800
"Flop:  [8â™¥, 8â™¦, Qâ™¦]",2022-04-28T01:31:55.697Z,165110951569700
"""Mohammad M @ xHiJmE_Qdf"" checks",2022-04-28T01:31:54.872Z,165110951487200
"""Shohreh @ UA4oSZwjWd"" calls 100",2022-04-28T01:31:52.934Z,165110951293400
"""Siamak @ XGXRtKsbbo"" calls 100",2022-04-28T01:31:51.979Z,165110951197900
"""Hossein @ casYoi_zZN"" folds",2022-04-28T01:31:51.055Z,165110951105500
"""Saeed @ f50jW-AuT0"" calls 100",2022-04-28T01:31:47.088Z,165110950708800
"""Amin ðŸª“ @ q7yik-c0PC"" calls 100",2022-04-28T01:31:46.145Z,165110950614500
"""Mohammad M @ xHiJmE_Qdf"" posts a big blind of 100",2022-04-28T01:31:44.479Z,165110950447909
"""Shohreh @ UA4oSZwjWd"" posts a small blind of 50",2022-04-28T01:31:44.479Z,165110950447908
"Player stacks: #1 ""Mohammad M @ xHiJmE_Qdf"" (6875) | #2 ""Amin ðŸª“ @ q7yik-c0PC"" (7871) | #3 ""Saeed @ f50jW-AuT0"" (7035) | #8 ""Hossein @ casYoi_zZN"" (12109) | #9 ""Siamak @ XGXRtKsbbo"" (13905) | #10 ""Shohreh @ UA4oSZwjWd"" (29205)",2022-04-28T01:31:44.479Z,165110950447901
"-- starting hand #28  (No Limit Texas Hold'em) (dealer: ""Siamak @ XGXRtKsbbo"") --",2022-04-28T01:31:44.479Z,165110950447900
"""Shohreh @ UA4oSZwjWd"" shows a 5â™¦, 7â™£.",2022-04-28T01:31:41.389Z,165110950138900
"-- ending hand #27 --",2022-04-28T01:31:37.875Z,165110949787502
"""Siamak @ XGXRtKsbbo"" collected 1800 from pot with Flush, Qc High (combination: Qâ™£, Jâ™£, 8â™£, 5â™£, 2â™£)",2022-04-28T01:31:37.875Z,165110949787501
"""Siamak @ XGXRtKsbbo"" shows a Qâ™£, 2â™£.",2022-04-28T01:31:37.875Z,165110949787500
"""Shohreh @ UA4oSZwjWd"" calls 350",2022-04-28T01:31:37.046Z,165110949704600
"""Siamak @ XGXRtKsbbo"" raises to 350",2022-04-28T01:31:35.682Z,165110949568200
"""Mohammad M @ xHiJmE_Qdf"" folds",2022-04-28T01:31:31.982Z,165110949198200
"""Shohreh @ UA4oSZwjWd"" bets 100",2022-04-28T01:31:28.500Z,165110948850000
"""Siamak @ XGXRtKsbbo"" checks",2022-04-28T01:31:25.821Z,165110948582100
"River: Jâ™£, 8â™¦, 5â™£, 8â™£ [6â™¥]",2022-04-28T01:31:23.463Z,165110948346300
"""Siamak @ XGXRtKsbbo"" calls 100",2022-04-28T01:31:22.645Z,165110948264500
"""Saeed @ f50jW-AuT0"" folds",2022-04-28T01:31:21.222Z,165110948122200
"""Mohammad M @ xHiJmE_Qdf"" calls 100",2022-04-28T01:31:19.756Z,165110947975600
"""Shohreh @ UA4oSZwjWd"" bets 100",2022-04-28T01:31:16.800Z,165110947680000
"""Siamak @ XGXRtKsbbo"" checks",2022-04-28T01:31:14.503Z,165110947450300
"Turn: Jâ™£, 8â™¦, 5â™£ [8â™£]",2022-04-28T01:31:11.039Z,165110947103900
"""Siamak @ XGXRtKsbbo"" calls 100",2022-04-28T01:31:10.224Z,165110947022400
"""Saeed @ f50jW-AuT0"" calls 100",2022-04-28T01:31:09.310Z,165110946931000
"""Mohammad M @ xHiJmE_Qdf"" calls 100",2022-04-28T01:31:08.030Z,165110946803000
"""Shohreh @ UA4oSZwjWd"" bets 100",2022-04-28T01:31:06.121Z,165110946612100
"""Siamak @ XGXRtKsbbo"" checks",2022-04-28T01:31:04.158Z,165110946415800
"Flop:  [Jâ™£, 8â™¦, 5â™£]",2022-04-28T01:31:01.840Z,165110946184000
"""Shohreh @ UA4oSZwjWd"" checks",2022-04-28T01:31:00.952Z,165110946095200
"""Siamak @ XGXRtKsbbo"" calls 100",2022-04-28T01:30:58.612Z,165110945861200
"""Hossein @ casYoi_zZN"" folds",2022-04-28T01:30:57.643Z,165110945764300
"""Saeed @ f50jW-AuT0"" calls 100",2022-04-28T01:30:41.753Z,165110944175300
"""Amin ðŸª“ @ q7yik-c0PC"" folds",2022-04-28T01:30:40.779Z,165110944077900
"""Mohammad M @ xHiJmE_Qdf"" calls 100",2022-04-28T01:30:39.906Z,165110943990600
"""Shohreh @ UA4oSZwjWd"" posts a big blind of 100",2022-04-28T01:30:37.926Z,165110943792609
"""Siamak @ XGXRtKsbbo"" posts a small blind of 50",2022-04-28T01:30:37.926Z,165110943792608
"Player stacks: #1 ""Mohammad M @ xHiJmE_Qdf"" (7175) | #2 ""Amin ðŸª“ @ q7yik-c0PC"" (7871) | #3 ""Saeed @ f50jW-AuT0"" (7235) | #8 ""Hossein @ casYoi_zZN"" (12109) | #9 ""Siamak @ XGXRtKsbbo"" (12755) | #10 ""Shohreh @ UA4oSZwjWd"" (29855)",2022-04-28T01:30:37.926Z,165110943792601
"-- starting hand #27  (No Limit Texas Hold'em) (dealer: ""Hossein @ casYoi_zZN"") --",2022-04-28T01:30:37.926Z,165110943792600
"-- ending hand #26 --",2022-04-28T01:30:35.015Z,165110943501502
"""Saeed @ f50jW-AuT0"" collected 400 from pot",2022-04-28T01:30:35.015Z,165110943501501
"Uncalled bet of 400 returned to ""Saeed @ f50jW-AuT0""",2022-04-28T01:30:35.015Z,165110943501500
"""Shohreh @ UA4oSZwjWd"" folds",2022-04-28T01:30:34.134Z,165110943413400
"""Siamak @ XGXRtKsbbo"" folds",2022-04-28T01:30:28.496Z,165110942849600
"""Hossein @ casYoi_zZN"" folds",2022-04-28T01:30:27.580Z,165110942758000
"""Saeed @ f50jW-AuT0"" bets 400",2022-04-28T01:30:18.969Z,165110941896900
"""Shohreh @ UA4oSZwjWd"" checks",2022-04-28T01:30:15.671Z,165110941567100
"""Siamak @ XGXRtKsbbo"" checks",2022-04-28T01:30:10.496Z,165110941049600
"""Hossein @ casYoi_zZN"" checks",2022-04-28T01:30:09.536Z,165110940953600
"Flop:  [6â™£, 4â™ , Jâ™ ]",2022-04-28T01:30:05.119Z,165110940511900
"""Siamak @ XGXRtKsbbo"" checks",2022-04-28T01:30:04.293Z,165110940429300
"""Hossein @ casYoi_zZN"" calls 100",2022-04-28T01:30:03.339Z,165110940333900
"""Saeed @ f50jW-AuT0"" calls 100",2022-04-28T01:29:58.681Z,165110939868100
"""Amin ðŸª“ @ q7yik-c0PC"" folds",2022-04-28T01:29:56.246Z,165110939624600
"""Mohammad M @ xHiJmE_Qdf"" folds",2022-04-28T01:29:55.347Z,165110939534700
"""Shohreh @ UA4oSZwjWd"" calls 100",2022-04-28T01:29:54.315Z,165110939431500
"""Siamak @ XGXRtKsbbo"" posts a big blind of 100",2022-04-28T01:29:49.522Z,165110938952209
"""Hossein @ casYoi_zZN"" posts a small blind of 50",2022-04-28T01:29:49.522Z,165110938952208
"Player stacks: #1 ""Mohammad M @ xHiJmE_Qdf"" (7175) | #2 ""Amin ðŸª“ @ q7yik-c0PC"" (7871) | #3 ""Saeed @ f50jW-AuT0"" (6935) | #8 ""Hossein @ casYoi_zZN"" (12209) | #9 ""Siamak @ XGXRtKsbbo"" (12855) | #10 ""Shohreh @ UA4oSZwjWd"" (29955)",2022-04-28T01:29:49.522Z,165110938952201
"-- starting hand #26  (No Limit Texas Hold'em) (dealer: ""Saeed @ f50jW-AuT0"") --",2022-04-28T01:29:49.522Z,165110938952200
"""Shohreh @ UA4oSZwjWd"" shows a Qâ™£, Kâ™ .",2022-04-28T01:29:45.153Z,165110938515300
"-- ending hand #25 --",2022-04-28T01:29:42.915Z,165110938291502
"""Saeed @ f50jW-AuT0"" collected 6935 from pot with Full House, 5's over A's (combination: 5â™ , 5â™¥, 5â™£, Aâ™¦, Aâ™ )",2022-04-28T01:29:42.915Z,165110938291501
"""Mohammad M @ xHiJmE_Qdf"" collected 6935 from pot with Full House, 5's over A's (combination: 5â™ , 5â™¥, 5â™£, Aâ™¥, Aâ™ )",2022-04-28T01:29:42.915Z,165110938291500
"River: 5â™ , Aâ™ , 5â™¥, 5â™£ [8â™¦]",2022-04-28T01:29:38.891Z,165110937889100
"Turn: 5â™ , Aâ™ , 5â™¥ [5â™£]",2022-04-28T01:29:34.781Z,165110937478100
"""Saeed @ f50jW-AuT0"" shows a 9â™ , Aâ™¦.",2022-04-28T01:29:30.690Z,165110937069002
"""Mohammad M @ xHiJmE_Qdf"" shows a Aâ™¥, Kâ™¦.",2022-04-28T01:29:30.690Z,165110937069001
"Uncalled bet of 240 returned to ""Mohammad M @ xHiJmE_Qdf""",2022-04-28T01:29:30.690Z,165110937069000
"""Shohreh @ UA4oSZwjWd"" folds",2022-04-28T01:29:29.820Z,165110936982000
"""Saeed @ f50jW-AuT0"" calls 5007 and go all in",2022-04-28T01:29:28.900Z,165110936890000
"""Amin ðŸª“ @ q7yik-c0PC"" folds",2022-04-28T01:29:27.938Z,165110936793800
"""Mohammad M @ xHiJmE_Qdf"" raises to 5247 and go all in",2022-04-28T01:29:26.108Z,165110936610800
"""Shohreh @ UA4oSZwjWd"" calls 500",2022-04-28T01:29:23.347Z,165110936334700
"""Saeed @ f50jW-AuT0"" bets 500",2022-04-28T01:29:19.281Z,165110935928100
"Flop:  [5â™ , Aâ™ , 5â™¥]",2022-04-28T01:29:13.358Z,165110935335800
"""Shohreh @ UA4oSZwjWd"" calls 789",2022-04-28T01:29:12.510Z,165110935251000
"""Siamak @ XGXRtKsbbo"" folds",2022-04-28T01:29:10.567Z,165110935056700
"""Hossein @ casYoi_zZN"" folds",2022-04-28T01:29:09.571Z,165110934957100
"""Saeed @ f50jW-AuT0"" calls 789",2022-04-28T01:29:04.013Z,165110934401300
"""Amin ðŸª“ @ q7yik-c0PC"" calls 789",2022-04-28T01:29:03.059Z,165110934305900
"""Mohammad M @ xHiJmE_Qdf"" raises to 789",2022-04-28T01:29:01.802Z,165110934180200
"""Shohreh @ UA4oSZwjWd"" calls 100",2022-04-28T01:28:57.936Z,165110933793600
"""Siamak @ XGXRtKsbbo"" calls 100",2022-04-28T01:28:56.176Z,165110933617600
"""Hossein @ casYoi_zZN"" posts a big blind of 100",2022-04-28T01:28:54.674Z,165110933467409
"""Saeed @ f50jW-AuT0"" posts a small blind of 50",2022-04-28T01:28:54.674Z,165110933467408
"Player stacks: #1 ""Mohammad M @ xHiJmE_Qdf"" (6036) | #2 ""Amin ðŸª“ @ q7yik-c0PC"" (8660) | #3 ""Saeed @ f50jW-AuT0"" (5796) | #8 ""Hossein @ casYoi_zZN"" (12309) | #9 ""Siamak @ XGXRtKsbbo"" (12955) | #10 ""Shohreh @ UA4oSZwjWd"" (31244)",2022-04-28T01:28:54.674Z,165110933467401
"-- starting hand #25  (No Limit Texas Hold'em) (dealer: ""Amin ðŸª“ @ q7yik-c0PC"") --",2022-04-28T01:28:54.674Z,165110933467400
"""Mohammad M @ xHiJmE_Qdf"" shows a Aâ™£, Kâ™¦.",2022-04-28T01:28:52.186Z,165110933218600
"-- ending hand #24 --",2022-04-28T01:28:48.150Z,165110932815002
"""Shohreh @ UA4oSZwjWd"" collected 5969 from pot with Straight, Q High (combination: Qâ™¥, Jâ™¥, 10â™¥, 9â™ , 8â™¦)",2022-04-28T01:28:48.150Z,165110932815001
"""Shohreh @ UA4oSZwjWd"" shows a 7â™ , Qâ™¥.",2022-04-28T01:28:48.150Z,165110932815000
"""Mohammad M @ xHiJmE_Qdf"" calls 1492",2022-04-28T01:28:47.332Z,165110932733200
"""Shohreh @ UA4oSZwjWd"" bets 1492",2022-04-28T01:28:42.992Z,165110932299200
"River: Jâ™¥, 9â™ , 10â™¥, Jâ™¦ [8â™¦]",2022-04-28T01:28:38.267Z,165110931826700
"""Mohammad M @ xHiJmE_Qdf"" calls 100",2022-04-28T01:28:37.386Z,165110931738600
"""Shohreh @ UA4oSZwjWd"" bets 100",2022-04-28T01:28:35.842Z,165110931584200
"Turn: Jâ™¥, 9â™ , 10â™¥ [Jâ™¦]",2022-04-28T01:28:32.633Z,165110931263300
"""Shohreh @ UA4oSZwjWd"" calls 250",2022-04-28T01:28:31.756Z,165110931175600
"""Saeed @ f50jW-AuT0"" folds",2022-04-28T01:28:29.855Z,165110930985500
"""Mohammad M @ xHiJmE_Qdf"" raises to 250",2022-04-28T01:28:28.904Z,165110930890400
"""Shohreh @ UA4oSZwjWd"" bets 100",2022-04-28T01:28:25.052Z,165110930505200
"""Saeed @ f50jW-AuT0"" checks",2022-04-28T01:28:22.870Z,165110930287000
"Flop:  [Jâ™¥, 9â™ , 10â™¥]",2022-04-28T01:28:21.125Z,165110930112500
"""Shohreh @ UA4oSZwjWd"" calls 745",2022-04-28T01:28:20.272Z,165110930027200
"""Saeed @ f50jW-AuT0"" calls 745",2022-04-28T01:28:17.453Z,165110929745300
"""Amin ðŸª“ @ q7yik-c0PC"" folds",2022-04-28T01:28:16.480Z,165110929648000
"""Mohammad M @ xHiJmE_Qdf"" raises to 745",2022-04-28T01:28:07.942Z,165110928794200
"""Shohreh @ UA4oSZwjWd"" calls 100",2022-04-28T01:28:03.494Z,165110928349400
"""Siamak @ XGXRtKsbbo"" folds",2022-04-28T01:28:02.540Z,165110928254000
"""Hossein @ casYoi_zZN"" folds",2022-04-28T01:28:01.601Z,165110928160100
"""Saeed @ f50jW-AuT0"" posts a big blind of 100",2022-04-28T01:27:56.824Z,165110927682409
"""Amin ðŸª“ @ q7yik-c0PC"" posts a small blind of 50",2022-04-28T01:27:56.824Z,165110927682408
"Player stacks: #1 ""Mohammad M @ xHiJmE_Qdf"" (8623) | #2 ""Amin ðŸª“ @ q7yik-c0PC"" (8710) | #3 ""Saeed @ f50jW-AuT0"" (6541) | #8 ""Hossein @ casYoi_zZN"" (12309) | #9 ""Siamak @ XGXRtKsbbo"" (12955) | #10 ""Shohreh @ UA4oSZwjWd"" (27862)",2022-04-28T01:27:56.824Z,165110927682401
"-- starting hand #24  (No Limit Texas Hold'em) (dealer: ""Mohammad M @ xHiJmE_Qdf"") --",2022-04-28T01:27:56.824Z,165110927682400
"-- ending hand #23 --",2022-04-28T01:27:50.812Z,165110927081203
"""Saeed @ f50jW-AuT0"" shows a 3â™ , 5â™¦.",2022-04-28T01:27:50.812Z,165110927081202
"""Mohammad M @ xHiJmE_Qdf"" collected 7278 from pot with Two Pair, K's & 7's (combination: Kâ™¦, Kâ™ , 7â™¥, 7â™£, Jâ™ )",2022-04-28T01:27:50.812Z,165110927081201
"""Mohammad M @ xHiJmE_Qdf"" shows a Kâ™¦, Kâ™ .",2022-04-28T01:27:50.812Z,165110927081200
"""Mohammad M @ xHiJmE_Qdf"" calls 2500",2022-04-28T01:27:49.942Z,165110926994200
"""Saeed @ f50jW-AuT0"" raises to 2500",2022-04-28T01:27:48.428Z,165110926842800
"""Mohammad M @ xHiJmE_Qdf"" bets 100",2022-04-28T01:27:42.182Z,165110926218200
"River: 2â™¦, 7â™¥, 10â™ , 7â™£ [Jâ™ ]",2022-04-28T01:27:41.203Z,165110926120300
"""Saeed @ f50jW-AuT0"" calls 100",2022-04-28T01:27:40.344Z,165110926034400
"""Mohammad M @ xHiJmE_Qdf"" bets 100",2022-04-28T01:27:39.314Z,165110925931400
"Turn: 2â™¦, 7â™¥, 10â™  [7â™£]",2022-04-28T01:27:38.004Z,165110925800400
"""Saeed @ f50jW-AuT0"" calls 100",2022-04-28T01:27:37.124Z,165110925712400
"""Mohammad M @ xHiJmE_Qdf"" bets 100",2022-04-28T01:27:36.120Z,165110925612000
"Flop:  [2â™¦, 7â™¥, 10â™ ]",2022-04-28T01:27:33.701Z,165110925370100
"""Shohreh @ UA4oSZwjWd"" folds",2022-04-28T01:27:32.815Z,165110925281500
"""Siamak @ XGXRtKsbbo"" folds",2022-04-28T01:27:25.779Z,165110924577900
"""Saeed @ f50jW-AuT0"" calls 789",2022-04-28T01:27:22.610Z,165110924261000
"""Amin ðŸª“ @ q7yik-c0PC"" folds",2022-04-28T01:27:21.614Z,165110924161400
"""Mohammad M @ xHiJmE_Qdf"" raises to 789",2022-04-28T01:27:20.253Z,165110924025300
"""Shohreh @ UA4oSZwjWd"" calls 100",2022-04-28T01:27:13.940Z,165110923394000
"""Siamak @ XGXRtKsbbo"" calls 100",2022-04-28T01:27:13.078Z,165110923307800
"""Hossein @ casYoi_zZN"" folds",2022-04-28T01:27:12.150Z,165110923215000
"""Saeed @ f50jW-AuT0"" calls 100",2022-04-28T01:27:06.802Z,165110922680200
"""Amin ðŸª“ @ q7yik-c0PC"" posts a big blind of 100",2022-04-28T01:27:05.184Z,165110922518409
"""Mohammad M @ xHiJmE_Qdf"" posts a small blind of 50",2022-04-28T01:27:05.184Z,165110922518408
"Player stacks: #1 ""Mohammad M @ xHiJmE_Qdf"" (4834) | #2 ""Amin ðŸª“ @ q7yik-c0PC"" (8810) | #3 ""Saeed @ f50jW-AuT0"" (10030) | #8 ""Hossein @ casYoi_zZN"" (12309) | #9 ""Siamak @ XGXRtKsbbo"" (13055) | #10 ""Shohreh @ UA4oSZwjWd"" (27962)",2022-04-28T01:27:05.184Z,165110922518401
"-- starting hand #23  (No Limit Texas Hold'em) (dealer: ""Shohreh @ UA4oSZwjWd"") --",2022-04-28T01:27:05.184Z,165110922518400
"-- ending hand #22 --",2022-04-28T01:27:02.216Z,165110922221602
"""Siamak @ XGXRtKsbbo"" collected 1000 from pot",2022-04-28T01:27:02.216Z,165110922221601
"Uncalled bet of 400 returned to ""Siamak @ XGXRtKsbbo""",2022-04-28T01:27:02.216Z,165110922221600
"""Saeed @ f50jW-AuT0"" folds",2022-04-28T01:27:01.343Z,165110922134300
"""Amin ðŸª“ @ q7yik-c0PC"" folds",2022-04-28T01:26:53.791Z,165110921379100
"""Mohammad M @ xHiJmE_Qdf"" folds",2022-04-28T01:26:47.271Z,165110920727100
"""Shohreh @ UA4oSZwjWd"" folds",2022-04-28T01:26:46.325Z,165110920632500
"""Siamak @ XGXRtKsbbo"" bets 400",2022-04-28T01:26:41.936Z,165110920193600
"""Saeed @ f50jW-AuT0"" checks",2022-04-28T01:26:39.062Z,165110919906200
"""Amin ðŸª“ @ q7yik-c0PC"" checks",2022-04-28T01:26:37.243Z,165110919724300
"""Mohammad M @ xHiJmE_Qdf"" checks",2022-04-28T01:26:35.515Z,165110919551500
"""Shohreh @ UA4oSZwjWd"" checks",2022-04-28T01:26:34.353Z,165110919435300
"Flop:  [8â™ , Qâ™¥, 9â™ ]",2022-04-28T01:26:30.878Z,165110919087800
"""Mohammad M @ xHiJmE_Qdf"" calls 200",2022-04-28T01:26:30.015Z,165110919001500
"""Shohreh @ UA4oSZwjWd"" calls 200",2022-04-28T01:26:25.708Z,165110918570800
"""Siamak @ XGXRtKsbbo"" calls 200",2022-04-28T01:26:24.683Z,165110918468300
"""Hossein @ casYoi_zZN"" folds",2022-04-28T01:26:18.568Z,165110917856800
"""Saeed @ f50jW-AuT0"" calls 200",2022-04-28T01:26:15.835Z,165110917583500
"""Amin ðŸª“ @ q7yik-c0PC"" raises to 200",2022-04-28T01:26:13.549Z,165110917354900
"""Mohammad M @ xHiJmE_Qdf"" posts a big blind of 100",2022-04-28T01:26:08.355Z,165110916835509
"""Shohreh @ UA4oSZwjWd"" posts a small blind of 50",2022-04-28T01:26:08.355Z,165110916835508
"Player stacks: #1 ""Mohammad M @ xHiJmE_Qdf"" (5034) | #2 ""Amin ðŸª“ @ q7yik-c0PC"" (9010) | #3 ""Saeed @ f50jW-AuT0"" (10230) | #8 ""Hossein @ casYoi_zZN"" (12309) | #9 ""Siamak @ XGXRtKsbbo"" (12255) | #10 ""Shohreh @ UA4oSZwjWd"" (28162)",2022-04-28T01:26:08.355Z,165110916835501
"-- starting hand #22  (No Limit Texas Hold'em) (dealer: ""Siamak @ XGXRtKsbbo"") --",2022-04-28T01:26:08.355Z,165110916835500
"-- ending hand #21 --",2022-04-28T01:26:02.351Z,165110916235102
"""Shohreh @ UA4oSZwjWd"" collected 1800 from pot with Two Pair, Q's & 5's (combination: Qâ™ , Qâ™¦, 5â™£, 5â™ , 8â™¦)",2022-04-28T01:26:02.351Z,165110916235101
"""Shohreh @ UA4oSZwjWd"" shows a 8â™¦, Qâ™ .",2022-04-28T01:26:02.351Z,165110916235100
"""Siamak @ XGXRtKsbbo"" calls 100",2022-04-28T01:26:01.441Z,165110916144100
"""Saeed @ f50jW-AuT0"" folds",2022-04-28T01:25:54.541Z,165110915454100
"""Shohreh @ UA4oSZwjWd"" bets 100",2022-04-28T01:25:47.922Z,165110914792200
"""Siamak @ XGXRtKsbbo"" checks",2022-04-28T01:25:45.756Z,165110914575600
"River: 5â™£, Qâ™¦, 2â™£, 2â™¥ [5â™ ]",2022-04-28T01:25:43.508Z,165110914350800
"""Mohammad M @ xHiJmE_Qdf"" folds",2022-04-28T01:25:42.626Z,165110914262600
"""Shohreh @ UA4oSZwjWd"" calls 400",2022-04-28T01:25:41.573Z,165110914157300
"""Siamak @ XGXRtKsbbo"" calls 400",2022-04-28T01:25:40.675Z,165110914067500
"""Saeed @ f50jW-AuT0"" bets 400",2022-04-28T01:25:38.722Z,165110913872200
"""Mohammad M @ xHiJmE_Qdf"" checks",2022-04-28T01:25:35.233Z,165110913523300
"""Shohreh @ UA4oSZwjWd"" checks",2022-04-28T01:25:33.937Z,165110913393700
"""Siamak @ XGXRtKsbbo"" checks",2022-04-28T01:25:32.069Z,165110913206900
"Turn: 5â™£, Qâ™¦, 2â™£ [2â™¥]",2022-04-28T01:25:30.697Z,165110913069700
"""Saeed @ f50jW-AuT0"" checks",2022-04-28T01:25:29.873Z,165110912987300
"""Mohammad M @ xHiJmE_Qdf"" checks",2022-04-28T01:25:28.406Z,165110912840600
"""Shohreh @ UA4oSZwjWd"" checks",2022-04-28T01:25:26.878Z,165110912687800
"""Siamak @ XGXRtKsbbo"" checks",2022-04-28T01:25:25.410Z,165110912541000
"Flop:  [5â™£, Qâ™¦, 2â™£]",2022-04-28T01:25:22.694Z,165110912269400
"""Shohreh @ UA4oSZwjWd"" checks",2022-04-28T01:25:21.880Z,165110912188000
"""Siamak @ XGXRtKsbbo"" calls 100",2022-04-28T01:25:20.098Z,165110912009800
"""Hossein @ casYoi_zZN"" folds",2022-04-28T01:25:19.169Z,165110911916900
"""Saeed @ f50jW-AuT0"" calls 100",2022-04-28T01:25:18.212Z,165110911821200
"""Amin ðŸª“ @ q7yik-c0PC"" folds",2022-04-28T01:25:17.279Z,165110911727900
"""Mohammad M @ xHiJmE_Qdf"" calls 100",2022-04-28T01:25:16.302Z,165110911630200
"""Shohreh @ UA4oSZwjWd"" posts a big blind of 100",2022-04-28T01:25:14.391Z,165110911439109
"""Siamak @ XGXRtKsbbo"" posts a small blind of 50",2022-04-28T01:25:14.391Z,165110911439108
"Player stacks: #1 ""Mohammad M @ xHiJmE_Qdf"" (5134) | #2 ""Amin ðŸª“ @ q7yik-c0PC"" (9010) | #3 ""Saeed @ f50jW-AuT0"" (10730) | #8 ""Hossein @ casYoi_zZN"" (12309) | #9 ""Siamak @ XGXRtKsbbo"" (12855) | #10 ""Shohreh @ UA4oSZwjWd"" (26962)",2022-04-28T01:25:14.391Z,165110911439101
"-- starting hand #21  (No Limit Texas Hold'em) (dealer: ""Hossein @ casYoi_zZN"") --",2022-04-28T01:25:14.391Z,165110911439100
"""Saeed @ f50jW-AuT0"" shows a 3â™¥, 4â™¦.",2022-04-28T01:25:12.645Z,165110911264500
"-- ending hand #20 --",2022-04-28T01:25:07.785Z,165110910778503
"""Amin ðŸª“ @ q7yik-c0PC"" shows a 3â™£, 2â™£.",2022-04-28T01:25:07.785Z,165110910778502
"""Siamak @ XGXRtKsbbo"" collected 2500 from pot with Three of a Kind, 7's (combination: 7â™¦, 7â™£, 7â™ , Aâ™£, 9â™¦)",2022-04-28T01:25:07.785Z,165110910778501
"""Siamak @ XGXRtKsbbo"" shows a 7â™¦, 7â™£.",2022-04-28T01:25:07.785Z,165110910778500
"""Siamak @ XGXRtKsbbo"" calls 725",2022-04-28T01:25:06.886Z,165110910688600
"""Saeed @ f50jW-AuT0"" folds",2022-04-28T01:25:05.624Z,165110910562400
"""Amin ðŸª“ @ q7yik-c0PC"" raises to 725",2022-04-28T01:25:04.255Z,165110910425500
"""Siamak @ XGXRtKsbbo"" bets 100",2022-04-28T01:24:57.924Z,165110909792400
"River: Aâ™£, 2â™¦, 7â™ , 9â™¦ [3â™ ]",2022-04-28T01:24:56.077Z,165110909607700
"""Saeed @ f50jW-AuT0"" checks",2022-04-28T01:24:55.173Z,165110909517300
"""Amin ðŸª“ @ q7yik-c0PC"" checks",2022-04-28T01:24:52.331Z,165110909233100
"""Siamak @ XGXRtKsbbo"" checks",2022-04-28T01:24:50.947Z,165110909094700
"Turn: Aâ™£, 2â™¦, 7â™  [9â™¦]",2022-04-28T01:24:49.079Z,165110908907900
"""Shohreh @ UA4oSZwjWd"" folds",2022-04-28T01:24:48.240Z,165110908824000
"""Siamak @ XGXRtKsbbo"" calls 200",2022-04-28T01:24:47.169Z,165110908716900
"""Saeed @ f50jW-AuT0"" calls 200",2022-04-28T01:24:45.288Z,165110908528800
"""Amin ðŸª“ @ q7yik-c0PC"" bets 200",2022-04-28T01:24:44.038Z,165110908403800
"""Shohreh @ UA4oSZwjWd"" checks",2022-04-28T01:24:40.674Z,165110908067400
"""Siamak @ XGXRtKsbbo"" checks",2022-04-28T01:24:39.212Z,165110907921200
"Flop:  [Aâ™£, 2â™¦, 7â™ ]",2022-04-28T01:24:27.164Z,165110906716400
"""Siamak @ XGXRtKsbbo"" checks",2022-04-28T01:24:26.341Z,165110906634100
"""Hossein @ casYoi_zZN"" folds",2022-04-28T01:24:25.359Z,165110906535900
"""Saeed @ f50jW-AuT0"" calls 100",2022-04-28T01:24:17.373Z,165110905737300
"""Amin ðŸª“ @ q7yik-c0PC"" calls 100",2022-04-28T01:24:16.412Z,165110905641200
"""Mohammad M @ xHiJmE_Qdf"" folds",2022-04-28T01:24:13.747Z,165110905374700
"""Shohreh @ UA4oSZwjWd"" calls 100",2022-04-28T01:24:07.437Z,165110904743700
"""Siamak @ XGXRtKsbbo"" posts a big blind of 100",2022-04-28T01:24:03.638Z,165110904363811
"""Hossein @ casYoi_zZN"" posts a small blind of 50",2022-04-28T01:24:03.638Z,165110904363810
"Player stacks: #1 ""Mohammad M @ xHiJmE_Qdf"" (5134) | #2 ""Amin ðŸª“ @ q7yik-c0PC"" (10035) | #3 ""Saeed @ f50jW-AuT0"" (11030) | #8 ""Hossein @ casYoi_zZN"" (12359) | #9 ""Siamak @ XGXRtKsbbo"" (11380) | #10 ""Shohreh @ UA4oSZwjWd"" (27062)",2022-04-28T01:24:03.638Z,165110904363803
"-- starting hand #20  (No Limit Texas Hold'em) (dealer: ""Saeed @ f50jW-AuT0"") --",2022-04-28T01:24:03.638Z,165110904363802
"The game's big blind was changed from 50 to 100.",2022-04-28T01:24:03.638Z,165110904363801
"The game's small blind was changed from 20 to 50.",2022-04-28T01:24:03.638Z,165110904363800
"""Mohammad M @ xHiJmE_Qdf"" shows a 5â™¥, 5â™¦.",2022-04-28T01:23:59.045Z,165110903904500
"-- ending hand #19 --",2022-04-28T01:23:57.047Z,165110903704702
"""Shohreh @ UA4oSZwjWd"" collected 820 from pot with Two Pair, A's & 7's (combination: Aâ™¦, Aâ™¥, 7â™ , 7â™£, 9â™¦)",2022-04-28T01:23:57.047Z,165110903704701
"""Shohreh @ UA4oSZwjWd"" shows a 9â™¦, 8â™ .",2022-04-28T01:23:57.047Z,165110903704700
"""Mohammad M @ xHiJmE_Qdf"" checks",2022-04-28T01:23:56.205Z,165110903620500
"""Shohreh @ UA4oSZwjWd"" checks",2022-04-28T01:23:54.242Z,165110903424200
"River: 7â™ , 6â™£, Aâ™¦, Aâ™¥ [7â™£]",2022-04-28T01:23:48.233Z,165110902823300
"""Shohreh @ UA4oSZwjWd"" calls 155",2022-04-28T01:23:47.391Z,165110902739100
"""Mohammad M @ xHiJmE_Qdf"" bets 155",2022-04-28T01:23:45.423Z,165110902542300
"""Shohreh @ UA4oSZwjWd"" checks",2022-04-28T01:23:41.219Z,165110902121900
"Turn: 7â™ , 6â™£, Aâ™¦ [Aâ™¥]",2022-04-28T01:23:39.027Z,165110901902700
"""Shohreh @ UA4oSZwjWd"" calls 155",2022-04-28T01:23:38.176Z,165110901817600
"""Hossein @ casYoi_zZN"" folds",2022-04-28T01:23:37.274Z,165110901727400
"""Saeed @ f50jW-AuT0"" folds",2022-04-28T01:23:32.832Z,165110901283200
"""Mohammad M @ xHiJmE_Qdf"" bets 155",2022-04-28T01:23:31.828Z,165110901182800
"""Shohreh @ UA4oSZwjWd"" checks",2022-04-28T01:23:24.972Z,165110900497200
"""Hossein @ casYoi_zZN"" checks",2022-04-28T01:23:24.052Z,165110900405200
"""Saeed @ f50jW-AuT0"" checks",2022-04-28T01:23:16.844Z,165110899684400
"Flop:  [7â™ , 6â™£, Aâ™¦]",2022-04-28T01:23:15.218Z,165110899521800
"""Hossein @ casYoi_zZN"" checks",2022-04-28T01:23:14.410Z,165110899441000
"""Saeed @ f50jW-AuT0"" calls 50",2022-04-28T01:23:08.945Z,165110898894500
"""Amin ðŸª“ @ q7yik-c0PC"" folds",2022-04-28T01:23:07.972Z,165110898797200
"""Mohammad M @ xHiJmE_Qdf"" calls 50",2022-04-28T01:23:07.058Z,165110898705800
"""Shohreh @ UA4oSZwjWd"" calls 50",2022-04-28T01:23:05.648Z,165110898564800
"""Siamak @ XGXRtKsbbo"" folds",2022-04-28T01:23:04.220Z,165110898422000
"""Hossein @ casYoi_zZN"" posts a big blind of 50",2022-04-28T01:23:01.611Z,165110898161109
"""Saeed @ f50jW-AuT0"" posts a small blind of 20",2022-04-28T01:23:01.611Z,165110898161108
"Player stacks: #1 ""Mohammad M @ xHiJmE_Qdf"" (5494) | #2 ""Amin ðŸª“ @ q7yik-c0PC"" (10035) | #3 ""Saeed @ f50jW-AuT0"" (11080) | #8 ""Hossein @ casYoi_zZN"" (12409) | #9 ""Siamak @ XGXRtKsbbo"" (11380) | #10 ""Shohreh @ UA4oSZwjWd"" (26602)",2022-04-28T01:23:01.611Z,165110898161101
"-- starting hand #19  (No Limit Texas Hold'em) (dealer: ""Amin ðŸª“ @ q7yik-c0PC"") --",2022-04-28T01:23:01.611Z,165110898161100
"-- ending hand #18 --",2022-04-28T01:22:58.610Z,165110897861002
"""Mohammad M @ xHiJmE_Qdf"" collected 870 from pot",2022-04-28T01:22:58.610Z,165110897861001
"Uncalled bet of 255 returned to ""Mohammad M @ xHiJmE_Qdf""",2022-04-28T01:22:58.610Z,165110897861000
"""Shohreh @ UA4oSZwjWd"" folds",2022-04-28T01:22:57.737Z,165110897773700
"""Siamak @ XGXRtKsbbo"" folds",2022-04-28T01:22:56.699Z,165110897669900
"""Saeed @ f50jW-AuT0"" folds",2022-04-28T01:22:55.774Z,165110897577400
"""Mohammad M @ xHiJmE_Qdf"" bets 255",2022-04-28T01:22:54.137Z,165110897413700
"""Shohreh @ UA4oSZwjWd"" checks",2022-04-28T01:22:49.900Z,165110896990000
"""Siamak @ XGXRtKsbbo"" checks",2022-04-28T01:22:47.771Z,165110896777100
"""Saeed @ f50jW-AuT0"" checks",2022-04-28T01:22:41.213Z,165110896121300
"River: 5â™£, Qâ™ , Aâ™¥, Jâ™£ [Aâ™£]",2022-04-28T01:22:39.805Z,165110895980500
"""Mohammad M @ xHiJmE_Qdf"" checks",2022-04-28T01:22:38.948Z,165110895894800
"""Shohreh @ UA4oSZwjWd"" checks",2022-04-28T01:22:37.094Z,165110895709400
"""Siamak @ XGXRtKsbbo"" checks",2022-04-28T01:22:34.036Z,165110895403600
"""Saeed @ f50jW-AuT0"" checks",2022-04-28T01:22:25.824Z,165110894582400
"Turn: 5â™£, Qâ™ , Aâ™¥ [Jâ™£]",2022-04-28T01:22:24.395Z,165110894439500
"""Shohreh @ UA4oSZwjWd"" calls 155",2022-04-28T01:22:23.532Z,165110894353200
"""Siamak @ XGXRtKsbbo"" calls 155",2022-04-28T01:22:21.409Z,165110894140900
"""Saeed @ f50jW-AuT0"" calls 155",2022-04-28T01:22:19.908Z,165110893990800
"""Amin ðŸª“ @ q7yik-c0PC"" folds",2022-04-28T01:22:18.985Z,165110893898500
"""Mohammad M @ xHiJmE_Qdf"" raises to 155",2022-04-28T01:22:17.569Z,165110893756900
"""Shohreh @ UA4oSZwjWd"" bets 50",2022-04-28T01:22:12.978Z,165110893297800
"""Siamak @ XGXRtKsbbo"" checks",2022-04-28T01:22:10.562Z,165110893056200
"""Saeed @ f50jW-AuT0"" checks",2022-04-28T01:22:09.632Z,165110892963200
"""Amin ðŸª“ @ q7yik-c0PC"" checks",2022-04-28T01:22:08.666Z,165110892866600
"Flop:  [5â™£, Qâ™ , Aâ™¥]",2022-04-28T01:22:05.177Z,165110892517700
"""Saeed @ f50jW-AuT0"" checks",2022-04-28T01:22:04.295Z,165110892429500
"""Amin ðŸª“ @ q7yik-c0PC"" calls 50",2022-04-28T01:22:02.685Z,165110892268500
"""Mohammad M @ xHiJmE_Qdf"" calls 50",2022-04-28T01:22:01.092Z,165110892109200
"""Shohreh @ UA4oSZwjWd"" calls 50",2022-04-28T01:21:59.822Z,165110891982200
"""Siamak @ XGXRtKsbbo"" calls 50",2022-04-28T01:21:58.962Z,165110891896200
"""Hossein @ casYoi_zZN"" folds",2022-04-28T01:21:57.989Z,165110891798900
"""Saeed @ f50jW-AuT0"" posts a big blind of 50",2022-04-28T01:21:55.068Z,165110891506809
"""Amin ðŸª“ @ q7yik-c0PC"" posts a small blind of 20",2022-04-28T01:21:55.068Z,165110891506808
"Player stacks: #1 ""Mohammad M @ xHiJmE_Qdf"" (4829) | #2 ""Amin ðŸª“ @ q7yik-c0PC"" (10085) | #3 ""Saeed @ f50jW-AuT0"" (11285) | #8 ""Hossein @ casYoi_zZN"" (12409) | #9 ""Siamak @ XGXRtKsbbo"" (11585) | #10 ""Shohreh @ UA4oSZwjWd"" (26807)",2022-04-28T01:21:55.068Z,165110891506801
"-- starting hand #18  (No Limit Texas Hold'em) (dealer: ""Mohammad M @ xHiJmE_Qdf"") --",2022-04-28T01:21:55.068Z,165110891506800
"-- ending hand #17 --",2022-04-28T01:21:48.965Z,165110890896502
"""Mohammad M @ xHiJmE_Qdf"" collected 1270 from pot with Two Pair, 10's & 6's (combination: 10â™¥, 10â™¦, 6â™ , 6â™¦, Kâ™¦)",2022-04-28T01:21:48.965Z,165110890896501
"""Mohammad M @ xHiJmE_Qdf"" shows a 10â™¥, 6â™ .",2022-04-28T01:21:48.965Z,165110890896500
"""Siamak @ XGXRtKsbbo"" checks",2022-04-28T01:21:48.134Z,165110890813400
"""Mohammad M @ xHiJmE_Qdf"" checks",2022-04-28T01:21:46.197Z,165110890619700
"River: 6â™¦, Jâ™£, 10â™¦, Kâ™¦ [2â™ ]",2022-04-28T01:21:44.760Z,165110890476000
"""Siamak @ XGXRtKsbbo"" calls 255",2022-04-28T01:21:43.866Z,165110890386600
"""Mohammad M @ xHiJmE_Qdf"" bets 255",2022-04-28T01:21:42.069Z,165110890206900
"Turn: 6â™¦, Jâ™£, 10â™¦ [Kâ™¦]",2022-04-28T01:21:38.159Z,165110889815900
"""Shohreh @ UA4oSZwjWd"" folds",2022-04-28T01:21:37.338Z,165110889733800
"""Siamak @ XGXRtKsbbo"" calls 255",2022-04-28T01:21:36.403Z,165110889640300
"""Hossein @ casYoi_zZN"" folds",2022-04-28T01:21:35.195Z,165110889519500
"""Amin ðŸª“ @ q7yik-c0PC"" folds",2022-04-28T01:21:33.520Z,165110889352000
"""Mohammad M @ xHiJmE_Qdf"" bets 255",2022-04-28T01:21:31.662Z,165110889166200
"Flop:  [6â™¦, Jâ™£, 10â™¦]",2022-04-28T01:21:25.853Z,165110888585300
"""Amin ðŸª“ @ q7yik-c0PC"" checks",2022-04-28T01:21:24.965Z,165110888496500
"""Mohammad M @ xHiJmE_Qdf"" calls 50",2022-04-28T01:21:23.156Z,165110888315600
"""Shohreh @ UA4oSZwjWd"" calls 50",2022-04-28T01:21:21.585Z,165110888158500
"""Siamak @ XGXRtKsbbo"" calls 50",2022-04-28T01:21:18.853Z,165110887885300
"""Hossein @ casYoi_zZN"" calls 50",2022-04-28T01:21:17.930Z,165110887793000
"""Saeed @ f50jW-AuT0"" folds",2022-04-28T01:21:17.021Z,165110887702100
"""Amin ðŸª“ @ q7yik-c0PC"" posts a big blind of 50",2022-04-28T01:21:14.645Z,165110887464509
"""Mohammad M @ xHiJmE_Qdf"" posts a small blind of 20",2022-04-28T01:21:14.645Z,165110887464508
"Player stacks: #1 ""Mohammad M @ xHiJmE_Qdf"" (4119) | #2 ""Amin ðŸª“ @ q7yik-c0PC"" (10135) | #3 ""Saeed @ f50jW-AuT0"" (11285) | #8 ""Hossein @ casYoi_zZN"" (12459) | #9 ""Siamak @ XGXRtKsbbo"" (12145) | #10 ""Shohreh @ UA4oSZwjWd"" (26857)",2022-04-28T01:21:14.645Z,165110887464501
"-- starting hand #17  (No Limit Texas Hold'em) (dealer: ""Shohreh @ UA4oSZwjWd"") --",2022-04-28T01:21:14.645Z,165110887464500
"-- ending hand #16 --",2022-04-28T01:21:11.649Z,165110887164902
"""Mohammad M @ xHiJmE_Qdf"" collected 1815 from pot",2022-04-28T01:21:11.649Z,165110887164901
"Uncalled bet of 2304 returned to ""Mohammad M @ xHiJmE_Qdf""",2022-04-28T01:21:11.649Z,165110887164900
"""Shohreh @ UA4oSZwjWd"" folds",2022-04-28T01:21:10.797Z,165110887079700
"""Saeed @ f50jW-AuT0"" folds",2022-04-28T01:21:02.467Z,165110886246700
"""Mohammad M @ xHiJmE_Qdf"" raises to 2354 and go all in",2022-04-28T01:21:01.365Z,165110886136500
"""Shohreh @ UA4oSZwjWd"" bets 50",2022-04-28T01:20:58.278Z,165110885827800
"Flop:  [6â™ , Kâ™ , 9â™£]",2022-04-28T01:20:54.327Z,165110885432700
"""Shohreh @ UA4oSZwjWd"" calls 555",2022-04-28T01:20:53.430Z,165110885343000
"""Siamak @ XGXRtKsbbo"" folds",2022-04-28T01:20:52.496Z,165110885249600
"""Saeed @ f50jW-AuT0"" calls 555",2022-04-28T01:20:51.075Z,165110885107500
"""Mohammad M @ xHiJmE_Qdf"" raises to 555",2022-04-28T01:20:49.379Z,165110884937900
"""Shohreh @ UA4oSZwjWd"" raises to 100",2022-04-28T01:20:44.662Z,165110884466200
"""Siamak @ XGXRtKsbbo"" calls 50",2022-04-28T01:20:41.400Z,165110884140000
"""Hossein @ casYoi_zZN"" folds",2022-04-28T01:20:40.460Z,165110884046000
"""Saeed @ f50jW-AuT0"" calls 50",2022-04-28T01:20:32.334Z,165110883233400
"""Amin ðŸª“ @ q7yik-c0PC"" folds",2022-04-28T01:20:31.314Z,165110883131400
"""Mohammad M @ xHiJmE_Qdf"" posts a big blind of 50",2022-04-28T01:20:29.209Z,165110882920909
"""Shohreh @ UA4oSZwjWd"" posts a small blind of 20",2022-04-28T01:20:29.209Z,165110882920908
"Player stacks: #1 ""Mohammad M @ xHiJmE_Qdf"" (2909) | #2 ""Amin ðŸª“ @ q7yik-c0PC"" (10135) | #3 ""Saeed @ f50jW-AuT0"" (11840) | #8 ""Hossein @ casYoi_zZN"" (12459) | #9 ""Siamak @ XGXRtKsbbo"" (12195) | #10 ""Shohreh @ UA4oSZwjWd"" (27462)",2022-04-28T01:20:29.209Z,165110882920901
"-- starting hand #16  (No Limit Texas Hold'em) (dealer: ""Siamak @ XGXRtKsbbo"") --",2022-04-28T01:20:29.209Z,165110882920900
"""Mohammad M @ xHiJmE_Qdf"" shows a Aâ™¥, Qâ™ .",2022-04-28T01:20:26.503Z,165110882650300
"-- ending hand #15 --",2022-04-28T01:20:25.498Z,165110882549802
"""Hossein @ casYoi_zZN"" collected 1115 from pot",2022-04-28T01:20:25.498Z,165110882549801
"Uncalled bet of 1115 returned to ""Hossein @ casYoi_zZN""",2022-04-28T01:20:25.498Z,165110882549800
"""Mohammad M @ xHiJmE_Qdf"" folds",2022-04-28T01:20:24.639Z,165110882463900
"""Siamak @ XGXRtKsbbo"" folds",2022-04-28T01:20:14.868Z,165110881486800
"""Hossein @ casYoi_zZN"" bets 1115",2022-04-28T01:20:13.940Z,165110881394000
"""Mohammad M @ xHiJmE_Qdf"" checks",2022-04-28T01:20:07.470Z,165110880747000
"""Siamak @ XGXRtKsbbo"" checks",2022-04-28T01:20:05.912Z,165110880591200
"River: 2â™¥, 3â™¥, 4â™ , 2â™£ [7â™¥]",2022-04-28T01:20:00.845Z,165110880084500
"""Hossein @ casYoi_zZN"" checks",2022-04-28T01:19:59.948Z,165110879994800
"""Mohammad M @ xHiJmE_Qdf"" checks",2022-04-28T01:19:58.632Z,165110879863200
"""Siamak @ XGXRtKsbbo"" checks",2022-04-28T01:19:57.031Z,165110879703100
"Turn: 2â™¥, 3â™¥, 4â™  [2â™£]",2022-04-28T01:19:50.441Z,165110879044100
"""Mohammad M @ xHiJmE_Qdf"" calls 100",2022-04-28T01:19:49.553Z,165110878955300
"""Siamak @ XGXRtKsbbo"" calls 100",2022-04-28T01:19:45.330Z,165110878533000
"""Hossein @ casYoi_zZN"" raises to 100",2022-04-28T01:19:44.188Z,165110878418800
"""Mohammad M @ xHiJmE_Qdf"" bets 50",2022-04-28T01:19:35.914Z,165110877591400
"""Siamak @ XGXRtKsbbo"" checks",2022-04-28T01:19:33.655Z,165110877365500
"Flop:  [2â™¥, 3â™¥, 4â™ ]",2022-04-28T01:19:29.237Z,165110876923700
"""Shohreh @ UA4oSZwjWd"" folds",2022-04-28T01:19:28.337Z,165110876833700
"""Siamak @ XGXRtKsbbo"" calls 255",2022-04-28T01:19:27.328Z,165110876732800
"""Hossein @ casYoi_zZN"" calls 255",2022-04-28T01:19:26.411Z,165110876641100
"""Saeed @ f50jW-AuT0"" folds",2022-04-28T01:19:24.759Z,165110876475900
"""Amin ðŸª“ @ q7yik-c0PC"" folds",2022-04-28T01:19:23.745Z,165110876374500
"""Mohammad M @ xHiJmE_Qdf"" raises to 255",2022-04-28T01:19:22.363Z,165110876236300
"""Shohreh @ UA4oSZwjWd"" posts a big blind of 50",2022-04-28T01:19:15.620Z,165110875562009
"""Siamak @ XGXRtKsbbo"" posts a small blind of 20",2022-04-28T01:19:15.620Z,165110875562008
"Player stacks: #1 ""Mohammad M @ xHiJmE_Qdf"" (3264) | #2 ""Amin ðŸª“ @ q7yik-c0PC"" (10135) | #3 ""Saeed @ f50jW-AuT0"" (11840) | #8 ""Hossein @ casYoi_zZN"" (11699) | #9 ""Siamak @ XGXRtKsbbo"" (12550) | #10 ""Shohreh @ UA4oSZwjWd"" (27512)",2022-04-28T01:19:15.620Z,165110875562001
"-- starting hand #15  (No Limit Texas Hold'em) (dealer: ""Hossein @ casYoi_zZN"") --",2022-04-28T01:19:15.620Z,165110875562000
"""Siamak @ XGXRtKsbbo"" shows a 10â™ , 6â™¦.",2022-04-28T01:19:10.653Z,165110875065300
"""Saeed @ f50jW-AuT0"" shows a 10â™¥, 7â™¦.",2022-04-28T01:19:10.240Z,165110875024000
"""Mohammad M @ xHiJmE_Qdf"" shows a Aâ™ , 6â™ .",2022-04-28T01:19:09.556Z,165110874955600
"-- ending hand #14 --",2022-04-28T01:19:08.092Z,165110874809202
"""Hossein @ casYoi_zZN"" collected 2250 from pot with Two Pair, 5's & 3's (combination: 5â™ , 5â™£, 3â™¦, 3â™£, 10â™£)",2022-04-28T01:19:08.092Z,165110874809201
"""Hossein @ casYoi_zZN"" shows a 5â™ , 3â™¦.",2022-04-28T01:19:08.092Z,165110874809200
"""Saeed @ f50jW-AuT0"" checks",2022-04-28T01:19:07.249Z,165110874724900
"""Hossein @ casYoi_zZN"" checks",2022-04-28T01:19:05.890Z,165110874589000
"River: 3â™£, 5â™£, 10â™£, 2â™¥ [4â™¥]",2022-04-28T01:18:56.609Z,165110873660900
"""Saeed @ f50jW-AuT0"" calls 675",2022-04-28T01:18:55.697Z,165110873569700
"""Hossein @ casYoi_zZN"" bets 675",2022-04-28T01:18:54.665Z,165110873466500
"Turn: 3â™£, 5â™£, 10â™£ [2â™¥]",2022-04-28T01:18:45.607Z,165110872560700
"""Saeed @ f50jW-AuT0"" calls 300",2022-04-28T01:18:44.761Z,165110872476100
"""Amin ðŸª“ @ q7yik-c0PC"" folds",2022-04-28T01:18:43.438Z,165110872343800
"""Mohammad M @ xHiJmE_Qdf"" folds",2022-04-28T01:18:42.576Z,165110872257600
"""Shohreh @ UA4oSZwjWd"" folds",2022-04-28T01:18:41.533Z,165110872153300
"""Siamak @ XGXRtKsbbo"" folds",2022-04-28T01:18:40.549Z,165110872054900
"""Hossein @ casYoi_zZN"" bets 300",2022-04-28T01:18:29.139Z,165110870913900
"Flop:  [3â™£, 5â™£, 10â™£]",2022-04-28T01:18:24.784Z,165110870478400
"""Siamak @ XGXRtKsbbo"" checks",2022-04-28T01:18:23.873Z,165110870387300
"""Hossein @ casYoi_zZN"" calls 50",2022-04-28T01:18:22.908Z,165110870290800
"""Saeed @ f50jW-AuT0"" calls 50",2022-04-28T01:18:10.163Z,165110869016300
"""Amin ðŸª“ @ q7yik-c0PC"" calls 50",2022-04-28T01:18:09.239Z,165110868923900
"""Mohammad M @ xHiJmE_Qdf"" calls 50",2022-04-28T01:18:08.307Z,165110868830700
"""Shohreh @ UA4oSZwjWd"" calls 50",2022-04-28T01:18:06.190Z,165110868619000
"""Siamak @ XGXRtKsbbo"" posts a big blind of 50",2022-04-28T01:18:03.068Z,165110868306809
"""Hossein @ casYoi_zZN"" posts a small blind of 20",2022-04-28T01:18:03.068Z,165110868306808
"Player stacks: #1 ""Mohammad M @ xHiJmE_Qdf"" (3314) | #2 ""Amin ðŸª“ @ q7yik-c0PC"" (10185) | #3 ""Saeed @ f50jW-AuT0"" (12865) | #8 ""Hossein @ casYoi_zZN"" (10474) | #9 ""Siamak @ XGXRtKsbbo"" (12600) | #10 ""Shohreh @ UA4oSZwjWd"" (27562)",2022-04-28T01:18:03.068Z,165110868306801
"-- starting hand #14  (No Limit Texas Hold'em) (dealer: ""Saeed @ f50jW-AuT0"") --",2022-04-28T01:18:03.068Z,165110868306800
"""Siamak @ XGXRtKsbbo"" shows a Jâ™¥, 9â™¥.",2022-04-28T01:18:01.581Z,165110868158100
"-- ending hand #13 --",2022-04-28T01:17:59.444Z,165110867944402
"""Siamak @ XGXRtKsbbo"" collected 1100 from pot",2022-04-28T01:17:59.444Z,165110867944401
"Uncalled bet of 500 returned to ""Siamak @ XGXRtKsbbo""",2022-04-28T01:17:59.444Z,165110867944400
"""Amin ðŸª“ @ q7yik-c0PC"" folds",2022-04-28T01:17:58.578Z,165110867857800
"""Siamak @ XGXRtKsbbo"" bets 500",2022-04-28T01:17:47.213Z,165110866721300
"River: Kâ™£, 10â™£, 10â™¦, Qâ™¦ [4â™¦]",2022-04-28T01:17:43.162Z,165110866316200
"""Hossein @ casYoi_zZN"" folds",2022-04-28T01:17:42.246Z,165110866224600
"""Saeed @ f50jW-AuT0"" folds",2022-04-28T01:17:41.301Z,165110866130100
"""Amin ðŸª“ @ q7yik-c0PC"" calls 425",2022-04-28T01:17:40.272Z,165110866027200
"""Shohreh @ UA4oSZwjWd"" folds",2022-04-28T01:17:34.822Z,165110865482200
"""Siamak @ XGXRtKsbbo"" bets 425",2022-04-28T01:17:33.330Z,165110865333000
"""Hossein @ casYoi_zZN"" checks",2022-04-28T01:17:29.543Z,165110864954300
"""Saeed @ f50jW-AuT0"" checks",2022-04-28T01:17:13.669Z,165110863366900
"Turn: Kâ™£, 10â™£, 10â™¦ [Qâ™¦]",2022-04-28T01:17:12.149Z,165110863214900
"""Amin ðŸª“ @ q7yik-c0PC"" checks",2022-04-28T01:17:11.283Z,165110863128300
"""Shohreh @ UA4oSZwjWd"" checks",2022-04-28T01:17:10.103Z,165110863010300
"""Siamak @ XGXRtKsbbo"" checks",2022-04-28T01:17:06.051Z,165110862605100
"""Hossein @ casYoi_zZN"" checks",2022-04-28T01:17:05.027Z,165110862502700
"""Saeed @ f50jW-AuT0"" checks",2022-04-28T01:16:53.316Z,165110861331600
"Flop:  [Kâ™£, 10â™£, 10â™¦]",2022-04-28T01:16:51.328Z,165110861132800
"""Hossein @ casYoi_zZN"" checks",2022-04-28T01:16:50.487Z,165110861048700
"""Saeed @ f50jW-AuT0"" calls 50",2022-04-28T01:16:49.530Z,165110860953000
"""Amin ðŸª“ @ q7yik-c0PC"" calls 50",2022-04-28T01:16:48.563Z,165110860856300
"""Mohammad M @ xHiJmE_Qdf"" folds",2022-04-28T01:16:47.356Z,165110860735600
"""Shohreh @ UA4oSZwjWd"" calls 50",2022-04-28T01:16:45.982Z,165110860598200
"""Siamak @ XGXRtKsbbo"" calls 50",2022-04-28T01:16:43.916Z,165110860391600
"""Hossein @ casYoi_zZN"" posts a big blind of 50",2022-04-28T01:16:40.549Z,165110860054909
"""Saeed @ f50jW-AuT0"" posts a small blind of 20",2022-04-28T01:16:40.549Z,165110860054908
"Player stacks: #1 ""Mohammad M @ xHiJmE_Qdf"" (3314) | #2 ""Amin ðŸª“ @ q7yik-c0PC"" (10660) | #3 ""Saeed @ f50jW-AuT0"" (12915) | #8 ""Hossein @ casYoi_zZN"" (10524) | #9 ""Siamak @ XGXRtKsbbo"" (11975) | #10 ""Shohreh @ UA4oSZwjWd"" (27612)",2022-04-28T01:16:40.549Z,165110860054901
"-- starting hand #13  (No Limit Texas Hold'em) (dealer: ""Amin ðŸª“ @ q7yik-c0PC"") --",2022-04-28T01:16:40.549Z,165110860054900
"""Saeed @ f50jW-AuT0"" shows a 4â™¥, Kâ™¦.",2022-04-28T01:16:38.022Z,165110859802200
"""Mohammad M @ xHiJmE_Qdf"" shows a Kâ™£, Kâ™¥.",2022-04-28T01:16:35.697Z,165110859569700
"-- ending hand #12 --",2022-04-28T01:16:33.512Z,165110859351202
"""Siamak @ XGXRtKsbbo"" collected 3330 from pot with Pair, A's (combination: Aâ™¥, Aâ™£, Qâ™ , 10â™ , 9â™¥)",2022-04-28T01:16:33.512Z,165110859351201
"""Siamak @ XGXRtKsbbo"" shows a Aâ™¥, 8â™ .",2022-04-28T01:16:33.512Z,165110859351200
"""Mohammad M @ xHiJmE_Qdf"" calls 550",2022-04-28T01:16:32.645Z,165110859264500
"""Siamak @ XGXRtKsbbo"" bets 550",2022-04-28T01:16:31.476Z,165110859147600
"River: 9â™¥, 10â™ , 7â™¦, Aâ™£ [Qâ™ ]",2022-04-28T01:16:27.320Z,165110858732000
"""Mohammad M @ xHiJmE_Qdf"" calls 450",2022-04-28T01:16:26.448Z,165110858644800
"""Siamak @ XGXRtKsbbo"" bets 450",2022-04-28T01:16:24.810Z,165110858481000
"Turn: 9â™¥, 10â™ , 7â™¦ [Aâ™£]",2022-04-28T01:16:19.583Z,165110857958300
"""Siamak @ XGXRtKsbbo"" calls 150",2022-04-28T01:16:18.717Z,165110857871700
"""Mohammad M @ xHiJmE_Qdf"" bets 150",2022-04-28T01:16:17.285Z,165110857728500
"""Siamak @ XGXRtKsbbo"" checks",2022-04-28T01:16:13.566Z,165110857356600
"Flop:  [9â™¥, 10â™ , 7â™¦]",2022-04-28T01:16:10.295Z,165110857029500
"""Shohreh @ UA4oSZwjWd"" folds",2022-04-28T01:16:09.480Z,165110856948000
"""Siamak @ XGXRtKsbbo"" calls 455",2022-04-28T01:16:07.857Z,165110856785700
"""Saeed @ f50jW-AuT0"" folds",2022-04-28T01:16:05.986Z,165110856598600
"""Amin ðŸª“ @ q7yik-c0PC"" folds",2022-04-28T01:16:04.273Z,165110856427300
"""Mohammad M @ xHiJmE_Qdf"" raises to 455",2022-04-28T01:16:02.957Z,165110856295700
"""Shohreh @ UA4oSZwjWd"" calls 50",2022-04-28T01:15:57.701Z,165110855770100
"""Siamak @ XGXRtKsbbo"" calls 50",2022-04-28T01:15:56.160Z,165110855616000
"""Hossein @ casYoi_zZN"" folds",2022-04-28T01:15:55.177Z,165110855517700
"""Saeed @ f50jW-AuT0"" posts a big blind of 50",2022-04-28T01:15:52.056Z,165110855205609
"""Amin ðŸª“ @ q7yik-c0PC"" posts a small blind of 20",2022-04-28T01:15:52.056Z,165110855205608
"Player stacks: #1 ""Mohammad M @ xHiJmE_Qdf"" (4919) | #2 ""Amin ðŸª“ @ q7yik-c0PC"" (10680) | #3 ""Saeed @ f50jW-AuT0"" (12965) | #8 ""Hossein @ casYoi_zZN"" (10524) | #9 ""Siamak @ XGXRtKsbbo"" (10250) | #10 ""Shohreh @ UA4oSZwjWd"" (27662)",2022-04-28T01:15:52.056Z,165110855205601
"-- starting hand #12  (No Limit Texas Hold'em) (dealer: ""Mohammad M @ xHiJmE_Qdf"") --",2022-04-28T01:15:52.056Z,165110855205600
"-- ending hand #11 --",2022-04-28T01:15:45.975Z,165110854597503
"""Mohammad M @ xHiJmE_Qdf"" shows a Jâ™£, 2â™ .",2022-04-28T01:15:45.975Z,165110854597502
"""Shohreh @ UA4oSZwjWd"" collected 1250 from pot with Pair, K's (combination: Kâ™¦, Kâ™£, Jâ™¥, 9â™¥, 6â™ )",2022-04-28T01:15:45.975Z,165110854597501
"""Shohreh @ UA4oSZwjWd"" shows a Kâ™¦, Kâ™£.",2022-04-28T01:15:45.975Z,165110854597500
"""Shohreh @ UA4oSZwjWd"" checks",2022-04-28T01:15:45.095Z,165110854509500
"""Siamak @ XGXRtKsbbo"" checks",2022-04-28T01:15:43.204Z,165110854320400
"""Mohammad M @ xHiJmE_Qdf"" checks",2022-04-28T01:15:42.210Z,165110854221000
"River: 5â™¦, Jâ™¥, 4â™£, 9â™¥ [6â™ ]",2022-04-28T01:15:41.159Z,165110854115900
"""Shohreh @ UA4oSZwjWd"" checks",2022-04-28T01:15:40.311Z,165110854031100
"""Siamak @ XGXRtKsbbo"" checks",2022-04-28T01:15:37.550Z,165110853755000
"""Mohammad M @ xHiJmE_Qdf"" checks",2022-04-28T01:15:35.574Z,165110853557400
"Turn: 5â™¦, Jâ™¥, 4â™£ [9â™¥]",2022-04-28T01:15:34.045Z,165110853404500
"""Siamak @ XGXRtKsbbo"" calls 300",2022-04-28T01:15:33.165Z,165110853316500
"""Saeed @ f50jW-AuT0"" folds",2022-04-28T01:15:32.158Z,165110853215800
"""Amin ðŸª“ @ q7yik-c0PC"" folds",2022-04-28T01:15:31.235Z,165110853123500
"""Mohammad M @ xHiJmE_Qdf"" calls 300",2022-04-28T01:15:30.277Z,165110853027700
"""Shohreh @ UA4oSZwjWd"" raises to 300",2022-04-28T01:15:26.996Z,165110852699600
"""Siamak @ XGXRtKsbbo"" calls 50",2022-04-28T01:15:20.323Z,165110852032300
"""Saeed @ f50jW-AuT0"" calls 50",2022-04-28T01:15:19.361Z,165110851936100
"""Amin ðŸª“ @ q7yik-c0PC"" calls 50",2022-04-28T01:15:16.129Z,165110851612900
"""Mohammad M @ xHiJmE_Qdf"" bets 50",2022-04-28T01:15:12.676Z,165110851267600
"Flop:  [5â™¦, Jâ™¥, 4â™£]",2022-04-28T01:15:10.033Z,165110851003300
"""Amin ðŸª“ @ q7yik-c0PC"" checks",2022-04-28T01:15:09.147Z,165110850914700
"""Mohammad M @ xHiJmE_Qdf"" calls 50",2022-04-28T01:14:57.615Z,165110849761500
"""Shohreh @ UA4oSZwjWd"" calls 50",2022-04-28T01:14:55.871Z,165110849587100
"""Siamak @ XGXRtKsbbo"" calls 50",2022-04-28T01:14:53.890Z,165110849389000
"""Hossein @ casYoi_zZN"" folds",2022-04-28T01:14:52.992Z,165110849299200
"""Saeed @ f50jW-AuT0"" calls 50",2022-04-28T01:14:52.022Z,165110849202200
"""Amin ðŸª“ @ q7yik-c0PC"" posts a big blind of 50",2022-04-28T01:14:46.598Z,165110848659809
"""Mohammad M @ xHiJmE_Qdf"" posts a small blind of 20",2022-04-28T01:14:46.598Z,165110848659808
"Player stacks: #1 ""Mohammad M @ xHiJmE_Qdf"" (5269) | #2 ""Amin ðŸª“ @ q7yik-c0PC"" (10780) | #3 ""Saeed @ f50jW-AuT0"" (13065) | #8 ""Hossein @ casYoi_zZN"" (10524) | #9 ""Siamak @ XGXRtKsbbo"" (10600) | #10 ""Shohreh @ UA4oSZwjWd"" (26762)",2022-04-28T01:14:46.598Z,165110848659801
"-- starting hand #11  (No Limit Texas Hold'em) (dealer: ""Shohreh @ UA4oSZwjWd"") --",2022-04-28T01:14:46.598Z,165110848659800
"-- ending hand #10 --",2022-04-28T01:14:40.595Z,165110848059502
"""Saeed @ f50jW-AuT0"" collected 1650 from pot with Full House, 5's over 2's (combination: 5â™¦, 5â™ , 5â™¥, 2â™¦, 2â™¥)",2022-04-28T01:14:40.595Z,165110848059501
"""Saeed @ f50jW-AuT0"" shows a 2â™¦, 5â™¦.",2022-04-28T01:14:40.595Z,165110848059500
"""Amin ðŸª“ @ q7yik-c0PC"" calls 500",2022-04-28T01:14:39.733Z,165110847973300
"""Shohreh @ UA4oSZwjWd"" folds",2022-04-28T01:14:38.534Z,165110847853400
"""Saeed @ f50jW-AuT0"" raises to 500",2022-04-28T01:14:37.521Z,165110847752100
"""Amin ðŸª“ @ q7yik-c0PC"" raises to 250",2022-04-28T01:14:34.102Z,165110847410200
"""Shohreh @ UA4oSZwjWd"" bets 50",2022-04-28T01:14:28.015Z,165110846801500
"River: 3â™¥, 2â™¥, 10â™¥, 5â™  [5â™¥]",2022-04-28T01:14:25.380Z,165110846538000
"""Saeed @ f50jW-AuT0"" calls 50",2022-04-28T01:14:24.540Z,165110846454000
"""Amin ðŸª“ @ q7yik-c0PC"" calls 50",2022-04-28T01:14:22.062Z,165110846206200
"""Shohreh @ UA4oSZwjWd"" bets 50",2022-04-28T01:14:20.354Z,165110846035400
"Turn: 3â™¥, 2â™¥, 10â™¥ [5â™ ]",2022-04-28T01:14:17.976Z,165110845797600
"""Mohammad M @ xHiJmE_Qdf"" folds",2022-04-28T01:14:17.149Z,165110845714900
"""Shohreh @ UA4oSZwjWd"" calls 50",2022-04-28T01:14:16.146Z,165110845614600
"""Siamak @ XGXRtKsbbo"" folds",2022-04-28T01:14:14.770Z,165110845477000
"""Hossein @ casYoi_zZN"" folds",2022-04-28T01:14:13.783Z,165110845378300
"""Saeed @ f50jW-AuT0"" calls 50",2022-04-28T01:14:12.853Z,165110845285300
"""Amin ðŸª“ @ q7yik-c0PC"" bets 50",2022-04-28T01:14:11.171Z,165110845117100
"""Mohammad M @ xHiJmE_Qdf"" checks",2022-04-28T01:14:06.992Z,165110844699200
"""Shohreh @ UA4oSZwjWd"" checks",2022-04-28T01:14:05.823Z,165110844582300
"Flop:  [3â™¥, 2â™¥, 10â™¥]",2022-04-28T01:14:02.674Z,165110844267400
"""Mohammad M @ xHiJmE_Qdf"" checks",2022-04-28T01:14:01.797Z,165110844179700
"""Shohreh @ UA4oSZwjWd"" calls 50",2022-04-28T01:14:00.109Z,165110844010900
"""Siamak @ XGXRtKsbbo"" calls 50",2022-04-28T01:13:59.161Z,165110843916100
"""Hossein @ casYoi_zZN"" calls 50",2022-04-28T01:13:58.198Z,165110843819800
"""Saeed @ f50jW-AuT0"" calls 50",2022-04-28T01:13:56.048Z,165110843604800
"""Amin ðŸª“ @ q7yik-c0PC"" calls 50",2022-04-28T01:13:55.051Z,165110843505100
"""Mohammad M @ xHiJmE_Qdf"" posts a big blind of 50",2022-04-28T01:13:53.268Z,165110843326809
"""Shohreh @ UA4oSZwjWd"" posts a small blind of 20",2022-04-28T01:13:53.268Z,165110843326808
"Player stacks: #1 ""Mohammad M @ xHiJmE_Qdf"" (5319) | #2 ""Amin ðŸª“ @ q7yik-c0PC"" (11430) | #3 ""Saeed @ f50jW-AuT0"" (12065) | #8 ""Hossein @ casYoi_zZN"" (10574) | #9 ""Siamak @ XGXRtKsbbo"" (10650) | #10 ""Shohreh @ UA4oSZwjWd"" (26962)",2022-04-28T01:13:53.268Z,165110843326801
"-- starting hand #10  (No Limit Texas Hold'em) (dealer: ""Siamak @ XGXRtKsbbo"") --",2022-04-28T01:13:53.268Z,165110843326800
"""Siamak @ XGXRtKsbbo"" shows a 9â™ , 7â™ .",2022-04-28T01:13:49.699Z,165110842969900
"""Saeed @ f50jW-AuT0"" shows a 3â™¥, 6â™¦.",2022-04-28T01:13:49.680Z,165110842968000
"-- ending hand #9 --",2022-04-28T01:13:48.866Z,165110842886602
"""Saeed @ f50jW-AuT0"" collected 450 from pot",2022-04-28T01:13:48.866Z,165110842886601
"Uncalled bet of 250 returned to ""Saeed @ f50jW-AuT0""",2022-04-28T01:13:48.866Z,165110842886600
"""Siamak @ XGXRtKsbbo"" folds",2022-04-28T01:13:48.000Z,165110842800000
"""Saeed @ f50jW-AuT0"" bets 250",2022-04-28T01:13:46.353Z,165110842635300
"""Siamak @ XGXRtKsbbo"" checks",2022-04-28T01:13:43.416Z,165110842341600
"River: Kâ™ , 6â™ , Kâ™£, Aâ™£ [6â™£]",2022-04-28T01:13:40.465Z,165110842046500
"""Saeed @ f50jW-AuT0"" checks",2022-04-28T01:13:39.610Z,165110841961000
"""Siamak @ XGXRtKsbbo"" checks",2022-04-28T01:13:38.159Z,165110841815900
"Turn: Kâ™ , 6â™ , Kâ™£ [Aâ™£]",2022-04-28T01:13:34.263Z,165110841426300
"""Shohreh @ UA4oSZwjWd"" folds",2022-04-28T01:13:33.409Z,165110841340900
"""Siamak @ XGXRtKsbbo"" calls 150",2022-04-28T01:13:32.392Z,165110841239200
"""Saeed @ f50jW-AuT0"" bets 150",2022-04-28T01:13:29.509Z,165110840950900
"""Shohreh @ UA4oSZwjWd"" checks",2022-04-28T01:13:25.524Z,165110840552400
"""Siamak @ XGXRtKsbbo"" checks",2022-04-28T01:13:24.554Z,165110840455400
"Flop:  [Kâ™ , 6â™ , Kâ™£]",2022-04-28T01:13:21.945Z,165110840194500
"""Shohreh @ UA4oSZwjWd"" checks",2022-04-28T01:13:21.071Z,165110840107100
"""Siamak @ XGXRtKsbbo"" calls 50",2022-04-28T01:13:19.430Z,165110839943000
"""Hossein @ casYoi_zZN"" folds",2022-04-28T01:13:18.537Z,165110839853700
"""Saeed @ f50jW-AuT0"" calls 50",2022-04-28T01:13:17.620Z,165110839762000
"""Amin ðŸª“ @ q7yik-c0PC"" folds",2022-04-28T01:13:14.122Z,165110839412200
"""Mohammad M @ xHiJmE_Qdf"" folds",2022-04-28T01:13:13.188Z,165110839318800
"""Shohreh @ UA4oSZwjWd"" posts a big blind of 50",2022-04-28T01:13:11.446Z,165110839144609
"""Siamak @ XGXRtKsbbo"" posts a small blind of 20",2022-04-28T01:13:11.446Z,165110839144608
"Player stacks: #1 ""Mohammad M @ xHiJmE_Qdf"" (5319) | #2 ""Amin ðŸª“ @ q7yik-c0PC"" (11430) | #3 ""Saeed @ f50jW-AuT0"" (11815) | #8 ""Hossein @ casYoi_zZN"" (10574) | #9 ""Siamak @ XGXRtKsbbo"" (10850) | #10 ""Shohreh @ UA4oSZwjWd"" (27012)",2022-04-28T01:13:11.446Z,165110839144601
"-- starting hand #9  (No Limit Texas Hold'em) (dealer: ""Hossein @ casYoi_zZN"") --",2022-04-28T01:13:11.446Z,165110839144600
"-- ending hand #8 --",2022-04-28T01:13:05.362Z,165110838536205
"""Shohreh @ UA4oSZwjWd"" shows a 3â™¦, Kâ™¦.",2022-04-28T01:13:05.362Z,165110838536204
"""Mohammad M @ xHiJmE_Qdf"" collected 200 from pot with Pair, J's (combination: Jâ™ , Jâ™¦, Aâ™ , Qâ™ , 9â™ )",2022-04-28T01:13:05.362Z,165110838536203
"""Mohammad M @ xHiJmE_Qdf"" shows a Jâ™ , Qâ™ .",2022-04-28T01:13:05.362Z,165110838536202
"""Hossein @ casYoi_zZN"" collected 10574 from pot with Two Pair, A's & 9's (combination: Aâ™¦, Aâ™ , 9â™¦, 9â™ , Jâ™¦)",2022-04-28T01:13:05.362Z,165110838536201
"""Hossein @ casYoi_zZN"" shows a Aâ™¦, 9â™¦.",2022-04-28T01:13:05.362Z,165110838536200
"""Mohammad M @ xHiJmE_Qdf"" checks",2022-04-28T01:13:04.463Z,165110838446300
"""Shohreh @ UA4oSZwjWd"" checks",2022-04-28T01:13:02.398Z,165110838239800
"River: 9â™ , Jâ™¦, Aâ™ , 2â™¦ [3â™£]",2022-04-28T01:13:00.337Z,165110838033700
"""Mohammad M @ xHiJmE_Qdf"" calls 50",2022-04-28T01:12:59.475Z,165110837947500
"""Shohreh @ UA4oSZwjWd"" bets 50",2022-04-28T01:12:58.078Z,165110837807800
"Turn: 9â™ , Jâ™¦, Aâ™  [2â™¦]",2022-04-28T01:12:55.840Z,165110837584000
"""Shohreh @ UA4oSZwjWd"" calls 50",2022-04-28T01:12:55.023Z,165110837502300
"""Mohammad M @ xHiJmE_Qdf"" bets 50",2022-04-28T01:12:52.077Z,165110837207700
"""Shohreh @ UA4oSZwjWd"" checks",2022-04-28T01:12:50.339Z,165110837033900
"Flop:  [9â™ , Jâ™¦, Aâ™ ]",2022-04-28T01:12:47.440Z,165110836744000
"""Mohammad M @ xHiJmE_Qdf"" calls 3508",2022-04-28T01:12:46.611Z,165110836661100
"""Shohreh @ UA4oSZwjWd"" calls 3508",2022-04-28T01:12:44.459Z,165110836445900
"""Siamak @ XGXRtKsbbo"" folds",2022-04-28T01:12:38.814Z,165110835881400
"""Hossein @ casYoi_zZN"" raises to 3508 and go all in",2022-04-28T01:12:36.884Z,165110835688400
"""Saeed @ f50jW-AuT0"" folds",2022-04-28T01:12:31.461Z,165110835146100
"""Amin ðŸª“ @ q7yik-c0PC"" folds",2022-04-28T01:12:30.474Z,165110835047400
"""Mohammad M @ xHiJmE_Qdf"" raises to 255",2022-04-28T01:12:29.586Z,165110834958600
"""Shohreh @ UA4oSZwjWd"" calls 50",2022-04-28T01:12:25.053Z,165110834505300
"""Siamak @ XGXRtKsbbo"" posts a big blind of 50",2022-04-28T01:12:22.116Z,165110834211610
"""Hossein @ casYoi_zZN"" posts a small blind of 20",2022-04-28T01:12:22.116Z,165110834211609
"Player stacks: #1 ""Mohammad M @ xHiJmE_Qdf"" (8727) | #2 ""Amin ðŸª“ @ q7yik-c0PC"" (11430) | #3 ""Saeed @ f50jW-AuT0"" (11815) | #8 ""Hossein @ casYoi_zZN"" (3508) | #9 ""Siamak @ XGXRtKsbbo"" (10900) | #10 ""Shohreh @ UA4oSZwjWd"" (30620)",2022-04-28T01:12:22.116Z,165110834211602
"-- starting hand #8  (No Limit Texas Hold'em) (dead button) --",2022-04-28T01:12:22.116Z,165110834211601
"The player ""Martin @ k-Q0a4dZEt"" quits the game with a stack of 0.",2022-04-28T01:12:22.116Z,165110834211600
"-- ending hand #7 --",2022-04-28T01:12:16.108Z,165110833610801
"""Shohreh @ UA4oSZwjWd"" collected 3140 from pot with Pair, A's (combination: Aâ™ , Aâ™¥, Qâ™¥, 9â™¥, 7â™£)",2022-04-28T01:12:16.108Z,165110833610800
"River: Aâ™¥, 6â™ , 2â™¦, 7â™£ [9â™¥]",2022-04-28T01:12:12.026Z,165110833202600
"Turn: Aâ™¥, 6â™ , 2â™¦ [7â™£]",2022-04-28T01:12:08.013Z,165110832801300
"""Shohreh @ UA4oSZwjWd"" shows a Qâ™¥, Aâ™ .",2022-04-28T01:12:03.905Z,165110832390501
"""Martin @ k-Q0a4dZEt"" shows a Aâ™¦, 4â™£.",2022-04-28T01:12:03.905Z,165110832390500
"""Saeed @ f50jW-AuT0"" folds",2022-04-28T01:12:03.032Z,165110832303200
"""Shohreh @ UA4oSZwjWd"" calls 1470",2022-04-28T01:12:02.043Z,165110832204300
"""Hossein @ casYoi_zZN"" folds",2022-04-28T01:11:59.988Z,165110831998800
"""Martin @ k-Q0a4dZEt"" bets 1470 and go all in",2022-04-28T01:11:58.515Z,165110831851500
"Flop:  [Aâ™¥, 6â™ , 2â™¦]",2022-04-28T01:11:51.881Z,165110831188100
"""Hossein @ casYoi_zZN"" checks",2022-04-28T01:11:51.023Z,165110831102300
"""Martin @ k-Q0a4dZEt"" calls 50",2022-04-28T01:11:43.320Z,165110830332000
"""Saeed @ f50jW-AuT0"" calls 50",2022-04-28T01:11:41.640Z,165110830164000
"""Amin ðŸª“ @ q7yik-c0PC"" folds",2022-04-28T01:11:37.752Z,165110829775200
"""Mohammad M @ xHiJmE_Qdf"" folds",2022-04-28T01:11:36.793Z,165110829679300
"""Shohreh @ UA4oSZwjWd"" calls 50",2022-04-28T01:11:32.537Z,165110829253700
"""Siamak @ XGXRtKsbbo"" folds",2022-04-28T01:11:30.235Z,165110829023500
"""Hossein @ casYoi_zZN"" posts a big blind of 50",2022-04-28T01:11:27.989Z,165110828798910
"""Martin @ k-Q0a4dZEt"" posts a small blind of 20",2022-04-28T01:11:27.989Z,165110828798909
"Player stacks: #1 ""Mohammad M @ xHiJmE_Qdf"" (8727) | #2 ""Amin ðŸª“ @ q7yik-c0PC"" (11430) | #3 ""Saeed @ f50jW-AuT0"" (11865) | #5 ""Martin @ k-Q0a4dZEt"" (1520) | #8 ""Hossein @ casYoi_zZN"" (3558) | #9 ""Siamak @ XGXRtKsbbo"" (10900) | #10 ""Shohreh @ UA4oSZwjWd"" (29000)",2022-04-28T01:11:27.989Z,165110828798901
"-- starting hand #7  (No Limit Texas Hold'em) (dealer: ""Saeed @ f50jW-AuT0"") --",2022-04-28T01:11:27.989Z,165110828798900
"-- ending hand #6 --",2022-04-28T01:11:21.977Z,165110828197704
"""Hossein @ casYoi_zZN"" shows a 10â™¦, Qâ™ .",2022-04-28T01:11:21.977Z,165110828197703
"""Martin @ k-Q0a4dZEt"" shows a 6â™¥, Aâ™ .",2022-04-28T01:11:21.977Z,165110828197702
"""Shohreh @ UA4oSZwjWd"" collected 27300 from pot with Full House, 10's over 8's (combination: 10â™¥, 10â™£, 10â™ , 8â™¥, 8â™£)",2022-04-28T01:11:21.977Z,165110828197701
"""Shohreh @ UA4oSZwjWd"" shows a 10â™¥, 8â™¥.",2022-04-28T01:11:21.977Z,165110828197700
"""Shohreh @ UA4oSZwjWd"" checks",2022-04-28T01:11:21.147Z,165110828114700
"""Hossein @ casYoi_zZN"" checks",2022-04-28T01:11:19.005Z,165110827900500
"""Martin @ k-Q0a4dZEt"" checks",2022-04-28T01:11:17.445Z,165110827744500
"River: Aâ™£, 10â™£, 10â™ , 9â™  [8â™£]",2022-04-28T01:11:08.664Z,165110826866400
"""Martin @ k-Q0a4dZEt"" calls 6300",2022-04-28T01:11:07.792Z,165110826779200
"""Shohreh @ UA4oSZwjWd"" calls 6300",2022-04-28T01:11:05.934Z,165110826593400
"""Hossein @ casYoi_zZN"" bets 6300",2022-04-28T01:10:56.022Z,165110825602200
"""Martin @ k-Q0a4dZEt"" checks",2022-04-28T01:10:51.243Z,165110825124300
"Turn: Aâ™£, 10â™£, 10â™  [9â™ ]",2022-04-28T01:10:46.361Z,165110824636100
"""Martin @ k-Q0a4dZEt"" calls 2700",2022-04-28T01:10:45.483Z,165110824548300
"""Shohreh @ UA4oSZwjWd"" calls 2700",2022-04-28T01:10:43.754Z,165110824375400
"""Hossein @ casYoi_zZN"" raises to 2700",2022-04-28T01:10:35.601Z,165110823560100
"""Martin @ k-Q0a4dZEt"" calls 600",2022-04-28T01:10:31.292Z,165110823129200
"""Saeed @ f50jW-AuT0"" folds",2022-04-28T01:10:26.070Z,165110822607000
"""Mohammad M @ xHiJmE_Qdf"" folds",2022-04-28T01:10:25.069Z,165110822506900
"""Shohreh @ UA4oSZwjWd"" raises to 600",2022-04-28T01:10:24.084Z,165110822408400
"""Siamak @ XGXRtKsbbo"" folds",2022-04-28T01:10:20.532Z,165110822053200
"""Hossein @ casYoi_zZN"" calls 300",2022-04-28T01:10:19.563Z,165110821956300
"""Martin @ k-Q0a4dZEt"" bets 300",2022-04-28T01:10:12.291Z,165110821229100
"""Saeed @ f50jW-AuT0"" checks",2022-04-28T01:10:04.912Z,165110820491200
"Flop:  [Aâ™£, 10â™£, 10â™ ]",2022-04-28T01:10:03.145Z,165110820314500
"""Martin @ k-Q0a4dZEt"" checks",2022-04-28T01:10:02.243Z,165110820224300
"""Saeed @ f50jW-AuT0"" calls 50",2022-04-28T01:09:58.662Z,165110819866200
"""Amin ðŸª“ @ q7yik-c0PC"" folds",2022-04-28T01:09:57.040Z,165110819704000
"""Mohammad M @ xHiJmE_Qdf"" calls 50",2022-04-28T01:09:56.121Z,165110819612100
"""Shohreh @ UA4oSZwjWd"" calls 50",2022-04-28T01:09:54.588Z,165110819458800
"""Siamak @ XGXRtKsbbo"" calls 50",2022-04-28T01:09:53.631Z,165110819363100
"""Hossein @ casYoi_zZN"" calls 50",2022-04-28T01:09:41.490Z,165110818149000
"""Martin @ k-Q0a4dZEt"" posts a big blind of 50",2022-04-28T01:09:37.977Z,165110817797710
"""Saeed @ f50jW-AuT0"" posts a small blind of 20",2022-04-28T01:09:37.977Z,165110817797709
"Player stacks: #1 ""Mohammad M @ xHiJmE_Qdf"" (8777) | #2 ""Amin ðŸª“ @ q7yik-c0PC"" (11430) | #3 ""Saeed @ f50jW-AuT0"" (11915) | #5 ""Martin @ k-Q0a4dZEt"" (10570) | #8 ""Hossein @ casYoi_zZN"" (12608) | #9 ""Siamak @ XGXRtKsbbo"" (10950) | #10 ""Shohreh @ UA4oSZwjWd"" (10750)",2022-04-28T01:09:37.977Z,165110817797701
"-- starting hand #6  (No Limit Texas Hold'em) (dealer: ""Amin ðŸª“ @ q7yik-c0PC"") --",2022-04-28T01:09:37.977Z,165110817797700
"-- ending hand #5 --",2022-04-28T01:09:34.976Z,165110817497602
"""Mohammad M @ xHiJmE_Qdf"" collected 320 from pot",2022-04-28T01:09:34.976Z,165110817497601
"Uncalled bet of 408 returned to ""Mohammad M @ xHiJmE_Qdf""",2022-04-28T01:09:34.976Z,165110817497600
"""Shohreh @ UA4oSZwjWd"" folds",2022-04-28T01:09:34.104Z,165110817410400
"""Siamak @ XGXRtKsbbo"" folds",2022-04-28T01:09:33.142Z,165110817314200
"""Hossein @ casYoi_zZN"" folds",2022-04-28T01:09:32.133Z,165110817213300
"""Martin @ k-Q0a4dZEt"" folds",2022-04-28T01:09:20.272Z,165110816027200
"""Saeed @ f50jW-AuT0"" folds",2022-04-28T01:09:17.286Z,165110815728600
"""Amin ðŸª“ @ q7yik-c0PC"" folds",2022-04-28T01:09:16.277Z,165110815627700
"""Mohammad M @ xHiJmE_Qdf"" raises to 458",2022-04-28T01:09:15.277Z,165110815527700
"""Shohreh @ UA4oSZwjWd"" calls 50",2022-04-28T01:09:10.961Z,165110815096100
"""Siamak @ XGXRtKsbbo"" calls 50",2022-04-28T01:09:10.012Z,165110815001200
"""Hossein @ casYoi_zZN"" calls 50",2022-04-28T01:09:08.275Z,165110814827500
"""Martin @ k-Q0a4dZEt"" calls 50",2022-04-28T01:09:06.789Z,165110814678900
"""Saeed @ f50jW-AuT0"" posts a big blind of 50",2022-04-28T01:09:01.957Z,165110814195710
"""Amin ðŸª“ @ q7yik-c0PC"" posts a small blind of 20",2022-04-28T01:09:01.957Z,165110814195709
"Player stacks: #1 ""Mohammad M @ xHiJmE_Qdf"" (8507) | #2 ""Amin ðŸª“ @ q7yik-c0PC"" (11450) | #3 ""Saeed @ f50jW-AuT0"" (11965) | #5 ""Martin @ k-Q0a4dZEt"" (10620) | #8 ""Hossein @ casYoi_zZN"" (12658) | #9 ""Siamak @ XGXRtKsbbo"" (11000) | #10 ""Shohreh @ UA4oSZwjWd"" (10800)",2022-04-28T01:09:01.957Z,165110814195701
"-- starting hand #5  (No Limit Texas Hold'em) (dealer: ""Mohammad M @ xHiJmE_Qdf"") --",2022-04-28T01:09:01.957Z,165110814195700
"-- ending hand #4 --",2022-04-28T01:08:55.854Z,165110813585403
"""Mohammad M @ xHiJmE_Qdf"" shows a Qâ™¥, 7â™£.",2022-04-28T01:08:55.854Z,165110813585402
"""Amin ðŸª“ @ q7yik-c0PC"" collected 800 from pot with Two Pair, A's & Q's (combination: Aâ™ , Aâ™£, Qâ™£, Qâ™ , Jâ™ )",2022-04-28T01:08:55.854Z,165110813585401
"""Amin ðŸª“ @ q7yik-c0PC"" shows a Jâ™ , Qâ™£.",2022-04-28T01:08:55.854Z,165110813585400
"""Amin ðŸª“ @ q7yik-c0PC"" checks",2022-04-28T01:08:54.984Z,165110813498400
"""Mohammad M @ xHiJmE_Qdf"" checks",2022-04-28T01:08:50.444Z,165110813044400
"River: Aâ™ , Qâ™ , 8â™£, Aâ™£ [8â™¦]",2022-04-28T01:08:48.953Z,165110812895300
"""Mohammad M @ xHiJmE_Qdf"" calls 100",2022-04-28T01:08:48.046Z,165110812804600
"""Amin ðŸª“ @ q7yik-c0PC"" bets 100",2022-04-28T01:08:44.436Z,165110812443600
"""Mohammad M @ xHiJmE_Qdf"" checks",2022-04-28T01:08:40.161Z,165110812016100
"Turn: Aâ™ , Qâ™ , 8â™£ [Aâ™£]",2022-04-28T01:08:37.845Z,165110811784500
"""Shohreh @ UA4oSZwjWd"" folds",2022-04-28T01:08:36.976Z,165110811697600
"""Martin @ k-Q0a4dZEt"" folds",2022-04-28T01:08:35.974Z,165110811597400
"""Saeed @ f50jW-AuT0"" folds",2022-04-28T01:08:34.742Z,165110811474200
"""Amin ðŸª“ @ q7yik-c0PC"" calls 50",2022-04-28T01:08:31.100Z,165110811110000
"""Mohammad M @ xHiJmE_Qdf"" bets 50",2022-04-28T01:08:29.579Z,165110810957900
"Flop:  [Aâ™ , Qâ™ , 8â™£]",2022-04-28T01:08:28.031Z,165110810803100
"""Mohammad M @ xHiJmE_Qdf"" calls 100",2022-04-28T01:08:27.129Z,165110810712900
"""Shohreh @ UA4oSZwjWd"" calls 100",2022-04-28T01:08:25.519Z,165110810551900
"""Martin @ k-Q0a4dZEt"" calls 100",2022-04-28T01:08:23.238Z,165110810323800
"""Saeed @ f50jW-AuT0"" calls 100",2022-04-28T01:08:21.052Z,165110810105200
"""Amin ðŸª“ @ q7yik-c0PC"" raises to 100",2022-04-28T01:08:19.819Z,165110809981900
"""Mohammad M @ xHiJmE_Qdf"" calls 50",2022-04-28T01:08:17.345Z,165110809734500
"""Shohreh @ UA4oSZwjWd"" calls 50",2022-04-28T01:08:15.975Z,165110809597500
"""Siamak @ XGXRtKsbbo"" folds",2022-04-28T01:08:15.015Z,165110809501500
"""Hossein @ casYoi_zZN"" folds",2022-04-28T01:08:14.103Z,165110809410300
"""Martin @ k-Q0a4dZEt"" calls 50",2022-04-28T01:08:13.142Z,165110809314200
"""Saeed @ f50jW-AuT0"" calls 50",2022-04-28T01:08:11.403Z,165110809140300
"""Amin ðŸª“ @ q7yik-c0PC"" posts a big blind of 50",2022-04-28T01:08:09.720Z,165110808972011
"""Mohammad M @ xHiJmE_Qdf"" posts a small blind of 20",2022-04-28T01:08:09.720Z,165110808972010
"Player stacks: #1 ""Mohammad M @ xHiJmE_Qdf"" (8757) | #2 ""Amin ðŸª“ @ q7yik-c0PC"" (10900) | #3 ""Saeed @ f50jW-AuT0"" (12065) | #5 ""Martin @ k-Q0a4dZEt"" (10720) | #8 ""Hossein @ casYoi_zZN"" (12658) | #9 ""Siamak @ XGXRtKsbbo"" (11000) | #10 ""Shohreh @ UA4oSZwjWd"" (10900)",2022-04-28T01:08:09.720Z,165110808972002
"-- starting hand #4  (No Limit Texas Hold'em) (dealer: ""Shohreh @ UA4oSZwjWd"") --",2022-04-28T01:08:09.720Z,165110808972001
"The player ""Siamak @ XGXRtKsbbo"" joined the game with a stack of 11000.",2022-04-28T01:08:09.720Z,165110808972000
"""Shohreh @ UA4oSZwjWd"" shows a 6â™£, 8â™£.",2022-04-28T01:08:03.797Z,165110808379700
"-- ending hand #3 --",2022-04-28T01:08:03.115Z,165110808311502
"""Saeed @ f50jW-AuT0"" collected 1320 from pot with Two Pair, Q's & 10's (combination: Qâ™¥, Qâ™£, 10â™¥, 10â™ , Jâ™£)",2022-04-28T01:08:03.115Z,165110808311501
"""Saeed @ f50jW-AuT0"" shows a 10â™¥, Qâ™¥.",2022-04-28T01:08:03.115Z,165110808311500
"""Mohammad M @ xHiJmE_Qdf"" calls 330",2022-04-28T01:08:02.248Z,165110808224800
"""Saeed @ f50jW-AuT0"" bets 330",2022-04-28T01:08:00.783Z,165110808078300
"""Mohammad M @ xHiJmE_Qdf"" checks",2022-04-28T01:07:57.076Z,165110807707600
"River: 10â™ , Jâ™£, 6â™¦, 6â™  [Qâ™£]",2022-04-28T01:07:55.010Z,165110807501000
"""Saeed @ f50jW-AuT0"" calls 50",2022-04-28T01:07:54.184Z,165110807418400
"""Mohammad M @ xHiJmE_Qdf"" bets 50",2022-04-28T01:07:52.038Z,165110807203800
"Turn: 10â™ , Jâ™£, 6â™¦ [6â™ ]",2022-04-28T01:07:49.914Z,165110806991400
"""Shohreh @ UA4oSZwjWd"" folds",2022-04-28T01:07:49.057Z,165110806905700
"""Martin @ k-Q0a4dZEt"" folds",2022-04-28T01:07:45.621Z,165110806562100
"""Saeed @ f50jW-AuT0"" calls 155",2022-04-28T01:07:44.662Z,165110806466200
"""Amin ðŸª“ @ q7yik-c0PC"" folds",2022-04-28T01:07:41.903Z,165110806190300
"""Mohammad M @ xHiJmE_Qdf"" bets 155",2022-04-28T01:07:38.651Z,165110805865100
"""Shohreh @ UA4oSZwjWd"" checks",2022-04-28T01:07:34.387Z,165110805438700
"Flop:  [10â™ , Jâ™£, 6â™¦]",2022-04-28T01:07:26.089Z,165110804608900
"""Mohammad M @ xHiJmE_Qdf"" checks",2022-04-28T01:07:25.275Z,165110804527500
"""Shohreh @ UA4oSZwjWd"" calls 50",2022-04-28T01:07:23.399Z,165110804339900
"""Hossein @ casYoi_zZN"" folds",2022-04-28T01:07:16.322Z,165110803632200
"""Martin @ k-Q0a4dZEt"" calls 50",2022-04-28T01:07:13.544Z,165110803354400
"""Saeed @ f50jW-AuT0"" calls 50",2022-04-28T01:07:10.177Z,165110803017700
"""Amin ðŸª“ @ q7yik-c0PC"" calls 50",2022-04-28T01:07:07.978Z,165110802797800
"""Mohammad M @ xHiJmE_Qdf"" posts a big blind of 50",2022-04-28T01:07:05.583Z,165110802558309
"""Shohreh @ UA4oSZwjWd"" posts a small blind of 20",2022-04-28T01:07:05.583Z,165110802558308
"Player stacks: #1 ""Mohammad M @ xHiJmE_Qdf"" (9342) | #2 ""Amin ðŸª“ @ q7yik-c0PC"" (10950) | #3 ""Saeed @ f50jW-AuT0"" (11330) | #5 ""Martin @ k-Q0a4dZEt"" (10770) | #8 ""Hossein @ casYoi_zZN"" (12658) | #10 ""Shohreh @ UA4oSZwjWd"" (10950)",2022-04-28T01:07:05.583Z,165110802558301
"-- starting hand #3  (No Limit Texas Hold'em) (dealer: ""Hossein @ casYoi_zZN"") --",2022-04-28T01:07:05.583Z,165110802558300
"-- ending hand #2 --",2022-04-28T01:07:02.580Z,165110802258002
"""Saeed @ f50jW-AuT0"" collected 510 from pot",2022-04-28T01:07:02.580Z,165110802258001
"Uncalled bet of 700 returned to ""Saeed @ f50jW-AuT0""",2022-04-28T01:07:02.580Z,165110802258000
"""Martin @ k-Q0a4dZEt"" folds",2022-04-28T01:07:01.681Z,165110802168100
"""Saeed @ f50jW-AuT0"" bets 700",2022-04-28T01:06:45.802Z,165110800580200
"River: Kâ™¦, Kâ™¥, 4â™£, Kâ™£ [2â™¦]",2022-04-28T01:06:41.069Z,165110800106900
"""Martin @ k-Q0a4dZEt"" checks",2022-04-28T01:06:40.236Z,165110800023600
"""Saeed @ f50jW-AuT0"" checks",2022-04-28T01:06:36.724Z,165110799672400
"Turn: Kâ™¦, Kâ™¥, 4â™£ [Kâ™£]",2022-04-28T01:06:34.466Z,165110799446600
"""Amin ðŸª“ @ q7yik-c0PC"" folds",2022-04-28T01:06:33.575Z,165110799357500
"""Shohreh @ UA4oSZwjWd"" folds",2022-04-28T01:06:25.928Z,165110798592800
"""Hossein @ casYoi_zZN"" folds",2022-04-28T01:06:20.664Z,165110798066400
"""Martin @ k-Q0a4dZEt"" calls 130",2022-04-28T01:06:07.952Z,165110796795200
"""Saeed @ f50jW-AuT0"" bets 130",2022-04-28T01:06:03.956Z,165110796395600
"""Amin ðŸª“ @ q7yik-c0PC"" checks",2022-04-28T01:05:57.412Z,165110795741200
"""Shohreh @ UA4oSZwjWd"" checks",2022-04-28T01:05:56.507Z,165110795650700
"""Hossein @ casYoi_zZN"" checks",2022-04-28T01:05:42.047Z,165110794204700
"Flop:  [Kâ™¦, Kâ™¥, 4â™£]",2022-04-28T01:05:34.123Z,165110793412300
"""Shohreh @ UA4oSZwjWd"" checks",2022-04-28T01:05:33.226Z,165110793322600
"The admin approved the player ""Siamak @ XGXRtKsbbo"" participation with a stack of 11000.",2022-04-28T01:05:31.458Z,165110793145800
"""Hossein @ casYoi_zZN"" calls 50",2022-04-28T01:05:17.246Z,165110791724600
"""Martin @ k-Q0a4dZEt"" calls 50",2022-04-28T01:05:12.937Z,165110791293700
"""Saeed @ f50jW-AuT0"" calls 50",2022-04-28T01:05:11.143Z,165110791114300
"""Amin ðŸª“ @ q7yik-c0PC"" calls 50",2022-04-28T01:05:10.207Z,165110791020700
"""Mohammad M @ xHiJmE_Qdf"" folds",2022-04-28T01:05:08.895Z,165110790889500
"""Shohreh @ UA4oSZwjWd"" posts a big blind of 50",2022-04-28T01:05:06.914Z,165110790691410
"""Hossein @ casYoi_zZN"" posts a small blind of 20",2022-04-28T01:05:06.914Z,165110790691409
"Player stacks: #1 ""Mohammad M @ xHiJmE_Qdf"" (9342) | #2 ""Amin ðŸª“ @ q7yik-c0PC"" (11000) | #3 ""Saeed @ f50jW-AuT0"" (11000) | #5 ""Martin @ k-Q0a4dZEt"" (10950) | #8 ""Hossein @ casYoi_zZN"" (12708) | #10 ""Shohreh @ UA4oSZwjWd"" (11000)",2022-04-28T01:05:06.914Z,165110790691402
"-- starting hand #2  (No Limit Texas Hold'em) (dealer: ""Martin @ k-Q0a4dZEt"") --",2022-04-28T01:05:06.914Z,165110790691401
"The player ""Shohreh @ UA4oSZwjWd"" joined the game with a stack of 11000.",2022-04-28T01:05:06.914Z,165110790691400
"The player ""Siamak @ XGXRtKsbbo"" requested a seat.",2022-04-28T01:05:04.400Z,165110790440000
"-- ending hand #1 --",2022-04-28T01:05:00.811Z,165110790081102
"""Hossein @ casYoi_zZN"" collected 3366 from pot with Two Pair, 10's & 7's (combination: 10â™£, 10â™ , 7â™ , 7â™¦, Jâ™ )",2022-04-28T01:05:00.811Z,165110790081101
"""Hossein @ casYoi_zZN"" shows a 10â™£, 7â™ .",2022-04-28T01:05:00.811Z,165110790081100
"""Mohammad M @ xHiJmE_Qdf"" calls 1122",2022-04-28T01:04:59.992Z,165110789999200
"The admin approved the player ""Shohreh @ UA4oSZwjWd"" participation with a stack of 11000.",2022-04-28T01:04:52.724Z,165110789272400
"The player ""Shohreh @ UA4oSZwjWd"" requested a seat.",2022-04-28T01:04:46.880Z,165110788688000
"""Hossein @ casYoi_zZN"" bets 1122",2022-04-28T01:04:42.359Z,165110788235900
"River: 3â™¥, 10â™ , 7â™¦, Jâ™  [2â™£]",2022-04-28T01:04:39.404Z,165110787940400
"""Mohammad M @ xHiJmE_Qdf"" calls 374",2022-04-28T01:04:38.540Z,165110787854000
"""Hossein @ casYoi_zZN"" bets 374",2022-04-28T01:04:36.422Z,165110787642200
"Turn: 3â™¥, 10â™ , 7â™¦ [Jâ™ ]",2022-04-28T01:04:31.491Z,165110787149100
"""Martin @ k-Q0a4dZEt"" folds",2022-04-28T01:04:30.652Z,165110787065200
"""Mohammad M @ xHiJmE_Qdf"" calls 112",2022-04-28T01:04:24.407Z,165110786440700
"""Hossein @ casYoi_zZN"" bets 112",2022-04-28T01:04:22.846Z,165110786284600
"""Martin @ k-Q0a4dZEt"" checks",2022-04-28T01:04:12.031Z,165110785203100
"Flop:  [3â™¥, 10â™ , 7â™¦]",2022-04-28T01:04:08.174Z,165110784817400
"""Hossein @ casYoi_zZN"" checks",2022-04-28T01:04:07.276Z,165110784727600
"""Martin @ k-Q0a4dZEt"" calls 50",2022-04-28T01:03:51.394Z,165110783139400
"""Saeed @ f50jW-AuT0"" folds",2022-04-28T01:03:47.166Z,165110782716600
"""Amin ðŸª“ @ q7yik-c0PC"" folds",2022-04-28T01:03:31.320Z,165110781132000
"""Mohammad M @ xHiJmE_Qdf"" calls 50",2022-04-28T01:03:19.349Z,165110779934900
"""Hossein @ casYoi_zZN"" posts a big blind of 50",2022-04-28T01:03:16.030Z,165110779603013
"""Martin @ k-Q0a4dZEt"" posts a small blind of 20",2022-04-28T01:03:16.030Z,165110779603012
"Player stacks: #1 ""Mohammad M @ xHiJmE_Qdf"" (11000) | #2 ""Amin ðŸª“ @ q7yik-c0PC"" (11000) | #3 ""Saeed @ f50jW-AuT0"" (11000) | #5 ""Martin @ k-Q0a4dZEt"" (11000) | #8 ""Hossein @ casYoi_zZN"" (11000)",2022-04-28T01:03:16.030Z,165110779603006
"The player ""Hossein @ casYoi_zZN"" joined the game with a stack of 11000.",2022-04-28T01:03:16.030Z,165110779603005
"The player ""Martin @ k-Q0a4dZEt"" joined the game with a stack of 11000.",2022-04-28T01:03:16.030Z,165110779603004
"The player ""Saeed @ f50jW-AuT0"" joined the game with a stack of 11000.",2022-04-28T01:03:16.030Z,165110779603003
"The player ""Amin ðŸª“ @ q7yik-c0PC"" joined the game with a stack of 11000.",2022-04-28T01:03:16.030Z,165110779603002
"The player ""Mohammad M @ xHiJmE_Qdf"" joined the game with a stack of 11000.",2022-04-28T01:03:16.030Z,165110779603001
"-- starting hand #1  (No Limit Texas Hold'em) (dealer: ""Saeed @ f50jW-AuT0"") --",2022-04-28T01:03:16.030Z,165110779603000
"The admin approved the player ""Amin ðŸª“ @ q7yik-c0PC"" participation with a stack of 11000.",2022-04-28T01:01:47.810Z,165110770781000
"The player ""Amin ðŸª“ @ q7yik-c0PC"" requested a seat.",2022-04-28T00:59:55.084Z,165110759508400
"The admin approved the player ""Saeed @ f50jW-AuT0"" participation with a stack of 11000.",2022-04-28T00:59:21.925Z,165110756192500
"The player ""Nima1 @ 38-i-hGO-o"" passed the room ownership to ""Hossein @ casYoi_zZN"".",2022-04-28T00:59:16.740Z,165110755674000
"The player ""Saeed @ f50jW-AuT0"" requested a seat.",2022-04-28T00:59:05.710Z,165110754571000
"The admin approved the player ""Hossein @ casYoi_zZN"" participation with a stack of 11000.",2022-04-28T00:57:18.394Z,165110743839400
"The player ""Hossein @ casYoi_zZN"" requested a seat.",2022-04-28T00:56:46.174Z,165110740617400
"The admin approved the player ""Martin @ k-Q0a4dZEt"" participation with a stack of 11000.",2022-04-28T00:55:59.593Z,165110735959300
"The player ""Martin @ k-Q0a4dZEt"" requested a seat.",2022-04-28T00:54:20.073Z,165110726007300
"The admin approved the player ""Mohammad M @ xHiJmE_Qdf"" participation with a stack of 11000.",2022-04-28T00:53:30.990Z,165110721099000
"The player ""Mohammad M @ xHiJmE_Qdf"" requested a seat.",2022-04-28T00:52:46.939Z,165110716693900
"The game's ante was changed from 0 to 0.",2022-04-28T00:35:21.324Z,165110612132402
"The game's big blind was changed from 20 to 50.",2022-04-28T00:35:21.324Z,165110612132401
"The game's small blind was changed from 10 to 20.",2022-04-28T00:35:21.324Z,165110612132400
